host_time_s,seq,device_time_s,roll,pitch,yaw,gyro_x,gyro_y,gyro_z,accel_x,accel_y,accel_z
2.060584583000036,2,1741.6,95.2,5.1,-76.4,1.63,-1.7,0.6,0.0,1.0,-0.32
2.067952736999814,3,1741.61,95.3,5.1,-76.3,1.12,-0.93,0.56,0.11,1.17,-0.32
2.0778563039998517,4,1741.62,95.5,5.2,-76.2,1.05,-0.21,1.09,0.09,1.42,-0.13
2.087898987999779,5,1741.63,95.6,5.3,-76.2,1.97,-0.48,2.0,0.06,1.61,-0.01
2.0979649239998253,6,1741.64,95.8,5.5,-76.1,3.47,-0.95,3.21,0.08,1.78,-0.05
2.1079767689998334,7,1741.65,96.1,5.9,-75.9,2.56,-1.34,3.91,0.09,1.48,-0.03
2.117785247000029,8,1741.66,96.3,6.2,-75.7,1.04,-1.81,3.58,0.18,1.35,-0.02
2.127978790999805,9,1741.67,96.3,6.6,-75.5,0.09,-1.36,2.76,0.26,1.24,-0.15
2.1379272519998267,10,1741.68,96.3,6.8,-75.4,-0.24,-0.45,1.72,0.29,1.19,-0.07
2.1478362980001293,11,1741.69,96.3,6.9,-75.4,-0.23,0.19,0.83,0.38,1.2,-0.04
2.157884399000068,12,1741.7,96.3,7.0,-75.5,-0.31,1.22,0.31,0.42,1.18,-0.14
2.1677957179999794,13,1741.71,96.2,7.0,-75.7,-0.77,2.6,0.17,0.36,1.17,-0.17
2.177752503999727,14,1741.72,96.0,7.1,-76.0,-1.5,3.79,0.42,0.25,1.16,-0.08
2.1879109689998586,15,1741.73,95.8,7.2,-76.4,-1.91,4.67,0.64,0.16,1.06,-0.04
2.1978875609997885,16,1741.74,95.5,7.4,-76.9,-2.25,5.37,0.84,0.1,0.99,0.04
2.207932384999822,17,1741.75,95.2,7.5,-77.5,-2.38,5.58,1.01,0.05,0.92,0.13
2.2177699310000207,18,1741.76,94.9,7.7,-78.0,-2.16,5.36,1.15,0.02,0.86,0.13
2.227935769999931,19,1741.77,94.6,7.8,-78.5,-1.75,5.12,1.28,0.02,0.82,0.11
2.237876007000068,20,1741.78,94.4,8.0,-79.0,-1.12,4.8,1.17,0.01,0.78,0.09
2.2478237770001215,21,1741.79,94.2,8.1,-79.5,-0.46,4.4,0.82,-0.01,0.81,0.1
2.2578671339997527,22,1741.8,94.2,8.2,-79.9,-0.23,3.88,0.42,-0.03,0.87,0.07
2.267768939999769,23,1741.81,94.1,8.3,-80.3,-0.41,3.46,0.06,-0.06,0.91,0.05
2.2777442659998997,24,1741.82,94.0,8.3,-80.6,-0.62,2.99,-0.24,-0.11,0.95,0.05
2.2878878789997543,25,1741.83,93.8,8.3,-80.8,-0.91,2.41,-0.48,-0.13,0.92,0.05
2.2979076849997,26,1741.84,93.7,8.2,-81.1,-0.86,1.9,-0.75,-0.14,0.87,0.02
2.3077839709999353,27,1741.85,93.6,8.1,-81.2,-0.77,1.53,-1.0,-0.13,0.84,0.0
2.3177395519996935,28,1741.86,93.5,8.0,-81.4,-0.64,1.2,-1.16,-0.11,0.82,0.01
2.3279117719998794,29,1741.87,93.5,7.9,-81.5,-0.36,0.79,-1.26,-0.1,0.82,0.01
2.3377322229998754,30,1741.88,93.4,7.8,-81.6,-0.07,0.36,-1.24,-0.08,0.84,0.0
2.347954135999771,31,1741.89,93.4,7.7,-81.6,0.13,-0.01,-1.14,-0.07,0.86,-0.01
2.3578711360000852,32,1741.9,93.5,7.6,-81.6,0.2,-0.34,-1.01,-0.07,0.88,-0.04
2.3677275760001066,33,1741.91,93.5,7.5,-81.5,0.16,-0.52,-0.86,-0.05,0.91,-0.06
2.3778411769999366,34,1741.92,93.5,7.4,-81.5,0.05,-0.7,-0.76,-0.03,0.91,-0.08
2.387925682000059,35,1741.93,93.5,7.3,-81.4,-0.1,-0.82,-0.72,-0.01,0.91,-0.1
2.397791121999944,36,1741.94,93.5,7.2,-81.3,-0.26,-0.9,-0.72,0.0,0.9,-0.12
2.4078692190000766,37,1741.95,93.5,7.2,-81.2,-0.39,-0.93,-0.71,0.01,0.9,-0.15
2.4177575499998056,38,1741.96,93.4,7.1,-81.1,-0.45,-0.89,-0.6,0.02,0.91,-0.16
2.4278343850000965,39,1741.97,93.4,7.0,-81.1,-0.5,-0.86,-0.42,0.01,0.92,-0.16
2.437884373000088,40,1741.98,93.4,7.0,-81.0,-0.58,-0.87,-0.23,0.01,0.92,-0.16
2.4478960229998847,41,1741.99,93.3,7.0,-80.9,-0.79,-0.96,-0.01,0.0,0.91,-0.15
2.457848277999801,42,1742.0,93.2,7.0,-80.8,-1.01,-1.12,0.18,-0.02,0.9,-0.13
2.4678114079997613,43,1742.01,93.1,7.0,-80.6,-1.16,-1.37,0.39,-0.05,0.89,-0.12
2.477899098999842,44,1742.02,93.0,7.0,-80.5,-1.22,-1.62,0.58,-0.09,0.85,-0.11
2.4879599789996973,45,1742.03,92.9,7.1,-80.3,-0.95,-1.93,0.75,-0.11,0.82,-0.08
2.497835562000091,46,1742.04,92.9,7.2,-80.1,-0.44,-2.26,0.86,-0.12,0.79,-0.07
2.5079481349998787,47,1742.05,92.9,7.2,-79.8,0.31,-2.54,0.89,-0.12,0.77,-0.08
2.5178926389999106,48,1742.06,93.0,7.3,-79.6,1.09,-2.63,0.84,-0.1,0.78,-0.15
2.5278354570000374,49,1742.07,93.2,7.4,-79.3,1.75,-2.38,0.74,-0.07,0.81,-0.21
2.538009994999811,50,1742.08,93.4,7.4,-79.1,2.22,-1.94,0.54,-0.01,0.87,-0.22
2.548011051999765,51,1742.09,93.7,7.5,-78.9,2.39,-1.52,0.38,0.04,0.94,-0.21
2.557839397999942,52,1742.1,94.0,7.5,-78.8,2.44,-1.1,0.14,0.09,0.98,-0.21
2.567909595999936,53,1742.11,94.2,7.5,-78.7,2.21,-0.51,-0.11,0.16,1.04,-0.22
2.5779191689998697,54,1742.12,94.4,7.5,-78.7,1.52,0.08,-0.34,0.19,1.05,-0.25
2.5879043469999488,55,1742.13,94.5,7.4,-78.7,0.8,0.63,-0.46,0.19,1.04,-0.3
2.5980238369998006,56,1742.14,94.5,7.4,-78.8,0.41,1.03,-0.43,0.13,1.0,-0.28
2.6080154819997006,57,1742.15,94.6,7.4,-78.9,0.32,1.09,-0.32,0.01,0.98,-0.11
2.6178595999999743,58,1742.16,94.6,7.3,-79.0,1.34,0.22,-0.73,-0.08,0.92,0.07
2.6280402530001084,59,1742.17,94.9,7.2,-79.0,3.41,-1.0,-1.61,0.02,1.05,0.01
2.6380032869997194,60,1742.18,95.3,7.0,-78.9,4.9,-0.79,-2.33,0.09,1.2,-0.22
2.6478744860000916,61,1742.19,95.9,6.7,-78.9,5.56,0.4,-3.53,0.03,1.3,-0.35
2.6579509789999065,62,1742.2,96.4,6.2,-79.1,4.37,1.87,-4.61,-0.02,1.48,-0.3
2.6679126519998135,63,1742.21,96.6,5.8,-79.4,1.33,2.97,-4.61,0.0,1.74,-0.13
2.6778676240001005,64,1742.22,96.6,5.4,-79.7,-1.07,2.94,-3.38,0.05,1.75,0.14
2.6879982319997,65,1742.23,96.4,5.2,-80.0,-1.91,1.82,-2.01,0.0,1.58,0.29
2.697959350000019,66,1742.24,96.2,5.1,-80.1,-1.49,0.58,-1.02,-0.08,1.38,0.25
2.707889769999838,67,1742.25,96.1,5.0,-80.1,-0.99,-0.24,-0.43,-0.09,1.23,0.23
2.7178272739997738,68,1742.26,96.0,5.0,-80.1,-1.0,-0.98,-0.08,-0.06,1.14,0.29
2.7280182649997187,69,1742.27,95.9,4.9,-79.9,-1.22,-2.1,0.02,-0.06,1.03,0.34
2.737829858999703,70,1742.28,95.8,4.9,-79.6,-1.34,-3.29,-0.1,-0.07,0.93,0.32
2.7478494899996804,71,1742.29,95.7,4.9,-79.3,-1.48,-4.03,-0.44,-0.1,0.86,0.2
2.757969509999839,72,1742.3,95.5,4.7,-78.9,-1.78,-4.17,-0.87,-0.1,0.84,0.12
2.7678558180000437,73,1742.31,95.4,4.6,-78.5,-2.13,-3.99,-1.09,-0.07,0.9,0.05
2.7778924710000865,74,1742.32,95.2,4.4,-78.1,-2.33,-3.57,-1.16,0.0,0.92,-0.04
2.787950981999984,75,1742.33,94.9,4.3,-77.8,-2.13,-2.97,-0.88,0.07,1.0,-0.05
2.79796505000013,76,1742.34,94.8,4.2,-77.5,-1.78,-2.43,-0.52,0.15,1.02,-0.1
2.8078347400000894,77,1742.35,94.6,4.2,-77.3,-1.58,-2.0,-0.03,0.24,1.05,-0.12
2.8178589429999192,78,1742.36,94.5,4.2,-77.1,-1.39,-1.5,0.45,0.3,1.03,-0.17
2.827980162000131,79,1742.37,94.4,4.3,-77.0,-1.23,-1.01,0.72,0.33,0.97,-0.18
2.8379184579998764,80,1742.38,94.2,4.4,-76.9,-1.04,-0.69,1.03,0.33,0.97,-0.15
2.8480083559998093,81,1742.39,94.2,4.5,-76.8,-0.66,-0.42,1.31,0.29,0.96,-0.15
2.8579668590000438,82,1742.4,94.1,4.6,-76.8,-0.04,-0.13,1.61,0.24,0.96,-0.13
2.867845290999867,83,1742.41,94.2,4.8,-76.8,0.47,0.16,1.82,0.18,0.92,-0.13
2.8779298340000423,84,1742.42,94.2,5.0,-76.8,0.91,0.51,1.78,0.12,0.88,-0.12
2.8879354999999123,85,1742.43,94.4,5.2,-76.9,1.01,0.7,1.57,0.08,0.87,-0.11
2.8978705089998584,86,1742.44,94.5,5.3,-76.9,0.77,0.78,1.39,0.05,0.88,-0.09
2.907966571000088,87,1742.45,94.5,5.4,-77.0,0.4,0.79,1.22,0.03,0.86,-0.09
2.917957419999766,88,1742.46,94.6,5.5,-77.1,0.01,0.7,1.1,0.01,0.85,-0.09
2.927849325999887,89,1742.47,94.6,5.6,-77.1,-0.29,0.57,0.98,0.01,0.84,-0.1
2.93798472699973,90,1742.48,94.5,5.6,-77.2,-0.5,0.46,0.92,0.02,0.83,-0.11
2.947993710999981,91,1742.49,94.5,5.7,-77.2,-0.67,0.39,0.86,0.05,0.83,-0.12
2.957763557999897,92,1742.5,94.5,5.8,-77.2,-0.72,0.35,0.79,0.08,0.83,-0.13
2.9678495099997235,93,1742.51,94.5,5.9,-77.2,-0.72,0.32,0.67,0.11,0.84,-0.14
2.9778803009999137,94,1742.52,94.4,5.9,-77.3,-0.79,0.36,0.46,0.14,0.83,-0.16
2.9878538759999174,95,1742.53,94.3,6.0,-77.3,-0.88,0.41,0.16,0.14,0.8,-0.19
2.99801289800007,96,1742.54,94.2,6.0,-77.3,-0.97,0.49,-0.22,0.15,0.75,-0.22
3.007988705000116,97,1742.55,94.1,5.9,-77.4,-1.16,0.58,-0.67,0.16,0.7,-0.25
3.017903939000007,98,1742.56,94.0,5.8,-77.5,-1.22,0.81,-1.09,0.17,0.68,-0.28
3.027935700999933,99,1742.57,93.9,5.7,-77.6,-1.04,1.23,-1.37,0.17,0.67,-0.3
3.03797748199986,100,1742.58,93.8,5.6,-77.7,-0.38,1.62,-1.49,0.16,0.69,-0.26
3.0479029309999532,101,1742.59,93.8,5.5,-77.9,0.58,1.7,-1.36,0.13,0.76,-0.18
3.057902326999738,102,1742.6,93.9,5.4,-78.1,1.79,1.46,-1.12,0.08,0.81,-0.11
3.067854566999813,103,1742.61,94.2,5.3,-78.2,2.81,0.93,-0.91,0.06,0.85,-0.1
3.077686701999937,104,1742.62,94.5,5.2,-78.3,3.31,0.42,-0.78,0.05,0.92,-0.15
3.087928064999687,105,1742.63,94.9,5.1,-78.3,3.24,0.14,-0.64,0.05,0.98,-0.19
3.0980272070000865,106,1742.64,95.2,5.0,-78.3,2.92,0.06,-0.47,0.03,1.07,-0.21
3.107932111000082,107,1742.65,95.4,5.0,-78.3,2.72,-0.08,-0.15,-0.02,1.16,-0.16
3.1179161800000657,108,1742.66,95.7,5.0,-78.3,2.63,-0.64,0.17,-0.06,1.17,-0.1
3.1280339509999067,109,1742.67,96.0,5.0,-78.2,2.61,-1.59,0.44,-0.07,1.14,-0.12
3.1379929800000355,110,1742.68,96.3,5.0,-78.0,2.24,-2.42,0.67,-0.07,1.08,-0.23
3.147956106000038,111,1742.69,96.4,5.1,-77.7,1.08,-2.67,0.6,-0.04,0.95,-0.37
3.157956172000013,112,1742.7,96.5,5.1,-77.4,0.09,-2.32,0.0,0.02,0.84,-0.45
3.167953292999755,113,1742.71,96.5,5.0,-77.3,-0.04,-1.51,-0.39,0.15,1.06,-0.35
3.177725813000052,114,1742.72,96.6,5.0,-77.1,0.72,-1.24,0.31,0.18,1.41,-0.14
3.1879427300000316,115,1742.73,96.7,5.1,-77.0,3.17,-1.73,1.69,0.11,1.69,-0.06
3.198014265999973,116,1742.74,97.2,5.3,-76.7,5.1,-1.99,3.65,0.0,1.86,-0.08
3.2077746979998665,117,1742.75,97.7,5.7,-76.5,3.7,-2.4,4.5,0.03,1.63,0.04
3.2178426199998285,118,1742.76,97.9,6.1,-76.1,0.64,-3.15,4.27,0.25,1.45,0.08
3.2280080339996857,119,1742.77,97.9,6.5,-75.8,-1.1,-2.52,3.3,0.31,1.27,-0.03
3.237726475999807,120,1742.78,97.8,6.7,-75.5,-1.91,-1.72,2.06,0.3,1.12,0.0
3.2479607860000215,121,1742.79,97.6,6.8,-75.4,-2.27,-0.92,1.34,0.37,1.11,-0.14
3.257986732000063,122,1742.8,97.4,6.9,-75.4,-1.52,1.28,1.08,0.37,0.99,-0.21
3.2679139779997968,123,1742.81,97.2,7.1,-75.6,-1.55,2.78,0.97,0.27,0.97,-0.03
3.2779639360001056,124,1742.82,97.0,7.2,-75.9,-1.27,3.71,0.76,0.18,0.91,0.03
3.2879297659997064,125,1742.83,96.8,7.3,-76.3,-1.51,4.3,0.61,0.19,0.88,0.05
3.2978395850000197,126,1742.84,96.6,7.4,-76.8,-2.0,4.71,0.62,0.21,0.86,0.05
3.3079776459999266,127,1742.85,96.3,7.6,-77.3,-2.19,4.92,0.74,0.21,0.83,0.07
3.317858720000004,128,1742.86,96.0,7.7,-77.7,-1.91,4.91,0.88,0.19,0.81,0.07
3.327958623000086,129,1742.87,95.8,7.8,-78.2,-1.09,4.67,0.85,0.14,0.82,0.08
3.3379688449999776,130,1742.88,95.7,8.0,-78.6,-0.2,4.12,0.67,0.07,0.86,0.09
3.3479949329998817,131,1742.89,95.7,8.0,-79.0,0.41,3.5,0.35,0.0,0.94,0.07
3.3578724119997787,132,1742.9,95.7,8.1,-79.3,0.19,3.08,-0.06,-0.08,0.99,0.0
3.3678377510000246,133,1742.91,95.6,8.1,-79.6,-0.54,2.87,-0.45,-0.16,1.03,0.01
3.377918934999798,134,1742.92,95.5,8.1,-79.9,-1.24,2.53,-0.77,-0.21,1.01,0.02
3.387903804999951,135,1742.93,95.3,8.0,-80.2,-1.47,2.08,-0.98,-0.23,0.98,0.02
3.3978909399997974,136,1742.94,95.1,7.9,-80.4,-1.41,1.48,-1.13,-0.21,0.93,0.02
3.407951975999822,137,1742.95,95.0,7.8,-80.5,-1.25,1.0,-1.27,-0.18,0.89,0.01
3.417989569999918,138,1742.96,94.8,7.7,-80.6,-1.11,0.44,-1.36,-0.13,0.87,0.02
3.427917315999821,139,1742.97,94.7,7.5,-80.6,-0.99,-0.05,-1.44,-0.08,0.87,0.0
3.438008620999881,140,1742.98,94.6,7.4,-80.6,-1.05,-0.41,-1.43,-0.02,0.89,-0.02
3.4479851379996944,141,1742.99,94.5,7.2,-80.5,-1.17,-0.65,-1.33,0.01,0.91,-0.06
3.457830721999926,142,1743.0,94.4,7.0,-80.5,-1.24,-0.76,-1.17,0.05,0.92,-0.09
3.4678837309998016,143,1743.01,94.3,6.9,-80.4,-1.26,-0.79,-1.04,0.06,0.9,-0.12
3.477967613999681,144,1743.02,94.2,6.7,-80.3,-1.22,-0.78,-0.99,0.06,0.89,-0.14
3.4878968429998167,145,1743.03,94.2,6.6,-80.3,-1.09,-0.71,-0.94,0.07,0.91,-0.16
3.4979634989999795,146,1743.04,94.1,6.5,-80.2,-0.94,-0.58,-0.79,0.07,0.93,-0.18
3.5079929799999263,147,1743.05,94.0,6.5,-80.1,-0.87,-0.4,-0.58,0.05,0.95,-0.19
3.517777962999844,148,1743.06,93.9,6.4,-80.1,-0.95,-0.27,-0.3,0.03,0.97,-0.19
3.527973541999927,149,1743.07,93.8,6.4,-80.1,-1.23,-0.23,0.01,0.0,0.97,-0.19
3.537982899999861,150,1743.08,93.7,6.4,-80.1,-1.64,-0.33,0.36,-0.02,0.95,-0.16
3.5480023790000814,151,1743.09,93.5,6.5,-80.0,-2.02,-0.56,0.71,-0.06,0.91,-0.14
3.557978748000096,152,1743.1,93.3,6.6,-79.9,-2.25,-0.92,1.0,-0.09,0.85,-0.11
3.5678942059998917,153,1743.11,93.1,6.7,-79.8,-2.29,-1.41,1.19,-0.13,0.78,-0.1
3.577918855000007,154,1743.12,92.9,6.8,-79.6,-2.08,-1.93,1.24,-0.16,0.73,-0.09
3.5880020029999287,155,1743.13,92.7,6.9,-79.4,-1.51,-2.3,1.14,-0.17,0.69,-0.14
3.5979957629997443,156,1743.14,92.6,7.0,-79.2,-0.66,-2.33,0.88,-0.16,0.7,-0.15
3.607870680999895,157,1743.15,92.6,7.0,-78.9,0.18,-2.26,0.6,-0.1,0.74,-0.14
3.6179100370000015,158,1743.16,92.7,7.1,-78.7,0.8,-2.02,0.39,-0.04,0.79,-0.14
3.6280412389996854,159,1743.17,92.9,7.1,-78.5,1.37,-1.81,0.16,0.02,0.82,-0.11
3.637865321999925,160,1743.18,93.1,7.1,-78.3,1.98,-1.74,-0.09,0.1,0.85,-0.13
3.6479983089998314,161,1743.19,93.3,7.0,-78.2,2.38,-1.43,-0.29,0.17,0.91,-0.21
3.657898484999805,162,1743.2,93.6,7.0,-78.1,2.28,-0.61,-0.37,0.21,0.97,-0.29
3.6678794989998096,163,1743.21,93.8,7.0,-78.1,1.77,0.49,-0.3,0.21,1.03,-0.33
3.677752165000129,164,1743.22,93.9,7.0,-78.2,1.3,1.44,-0.09,0.2,1.03,-0.3
3.687921311000082,165,1743.23,94.0,7.0,-78.4,1.17,1.7,0.15,0.15,1.01,-0.21
3.6980053709999083,166,1743.24,94.2,7.0,-78.5,1.31,1.31,0.41,0.03,1.0,-0.11
3.7078945949997433,167,1743.25,94.3,7.0,-78.6,1.96,0.5,0.27,-0.1,0.94,0.01
3.717795967999791,168,1743.26,94.6,7.0,-78.6,3.75,-1.01,-0.52,-0.09,1.01,0.01
3.7279803999999785,169,1743.27,95.1,6.9,-78.4,5.21,-1.59,-1.38,0.03,1.22,-0.14
3.7379017119997116,170,1743.28,95.7,6.7,-78.3,5.5,-0.8,-2.42,0.02,1.29,-0.36
3.748048800000106,171,1743.29,96.2,6.3,-78.3,4.58,0.78,-3.8,-0.04,1.38,-0.32
3.7579221440000765,172,1743.3,96.5,5.9,-78.5,2.08,2.0,-4.62,-0.05,1.57,-0.14
3.7676714409999477,173,1743.31,96.5,5.5,-78.8,-0.13,2.59,-4.36,0.01,1.61,0.07
3.7772997600000053,174,1743.32,96.4,5.1,-79.1,-0.64,1.99,-3.66,0.08,1.58,0.33
3.787909351000053,175,1743.33,96.4,4.8,-79.3,-0.42,0.7,-2.64,0.01,1.48,0.28
3.7978944490000686,176,1743.34,96.3,4.6,-79.3,-0.27,0.02,-1.72,-0.06,1.33,0.16
3.807974613999704,177,1743.35,96.3,4.5,-79.3,-0.52,-0.5,-1.01,-0.08,1.22,0.2
3.81794439999976,178,1743.36,96.2,4.4,-79.2,-0.83,-1.4,-0.51,-0.04,1.15,0.28
3.8279996659998687,179,1743.37,96.2,4.4,-79.0,-0.89,-2.5,-0.2,-0.02,1.06,0.29
3.8380113580001307,180,1743.38,96.1,4.3,-78.7,-0.77,-3.34,-0.18,-0.04,0.95,0.24
3.847992731999966,181,1743.39,96.1,4.2,-78.4,-0.84,-3.83,-0.48,-0.05,0.9,0.2
3.8579984109996985,182,1743.4,96.0,4.1,-78.0,-1.08,-3.92,-0.82,-0.02,0.89,0.07
3.8678910459998406,183,1743.41,95.9,4.0,-77.6,-1.73,-3.38,-0.95,0.01,0.95,0.0
3.8779335979997995,184,1743.42,95.6,3.9,-77.4,-2.26,-2.53,-0.85,0.06,0.96,-0.09
3.888072874000045,185,1743.43,95.4,3.8,-77.2,-2.06,-1.79,-0.62,0.12,0.95,-0.08
3.89802678299975,186,1743.44,95.3,3.8,-77.0,-1.42,-1.29,-0.37,0.18,0.94,-0.08
3.907965189999686,187,1743.45,95.2,3.8,-76.9,-0.89,-0.89,-0.04,0.24,0.95,-0.1
3.9178840629997467,188,1743.46,95.1,3.8,-76.8,-0.68,-0.63,0.23,0.27,0.93,-0.11
3.9280025049997676,189,1743.47,95.1,3.8,-76.8,-0.45,-0.49,0.49,0.3,0.95,-0.13
3.937961761999759,190,1743.48,95.0,3.9,-76.7,-0.19,-0.31,0.82,0.28,0.98,-0.12
3.947987464000107,191,1743.49,95.0,4.0,-76.7,0.0,-0.2,1.23,0.23,0.99,-0.11
3.9580164059998424,192,1743.5,95.1,4.1,-76.7,0.41,-0.04,1.5,0.18,0.96,-0.11
3.967945421999957,193,1743.51,95.1,4.3,-76.7,0.89,0.14,1.57,0.13,0.93,-0.11
3.97784891099991,194,1743.52,95.3,4.5,-76.7,1.11,0.26,1.52,0.09,0.93,-0.1
3.9880299419996845,195,1743.53,95.4,4.7,-76.7,0.95,0.35,1.37,0.06,0.9,-0.11
3.9980001700000685,196,1743.54,95.5,4.8,-76.7,0.55,0.38,1.19,0.04,0.9,-0.11
4.007917118000023,197,1743.55,95.5,4.9,-76.7,0.18,0.52,1.0,0.02,0.88,-0.13
4.017988705999869,198,1743.56,95.5,4.9,-76.8,-0.25,0.48,0.94,0.03,0.87,-0.11
4.028051084999788,199,1743.57,95.5,5.0,-76.8,-0.4,0.44,0.92,0.03,0.86,-0.11
4.037804391999998,200,1743.58,95.5,5.1,-76.8,-0.32,0.38,0.89,0.04,0.84,-0.12
4.048049596000055,201,1743.59,95.5,5.1,-76.9,-0.13,0.4,0.82,0.07,0.84,-0.13
4.058020166999995,202,1743.6,95.5,5.2,-76.9,-0.06,0.43,0.68,0.09,0.85,-0.15
4.067956443999719,203,1743.61,95.6,5.3,-76.9,-0.19,0.48,0.5,0.11,0.87,-0.16
4.077960297000118,204,1743.62,95.5,5.4,-77.0,-0.48,0.58,0.26,0.13,0.87,-0.19
4.087920505000056,205,1743.63,95.5,5.4,-77.1,-0.84,0.67,0.01,0.15,0.87,-0.2
4.09802228999979,206,1743.64,95.4,5.4,-77.1,-1.14,0.74,-0.23,0.14,0.85,-0.22
4.10792905299968,207,1743.65,95.2,5.3,-77.2,-1.49,0.76,-0.49,0.13,0.81,-0.23
4.117883361999702,208,1743.66,95.0,5.3,-77.3,-1.78,0.79,-0.7,0.11,0.77,-0.25
4.128002524999829,209,1743.67,94.9,5.2,-77.4,-1.91,0.91,-0.86,0.1,0.73,-0.28
4.13791786999991,210,1743.68,94.7,5.1,-77.5,-1.63,1.08,-0.97,0.1,0.7,-0.25
4.148033091999878,211,1743.69,94.5,5.0,-77.6,-0.94,1.11,-0.99,0.1,0.7,-0.21
4.1579223989997445,212,1743.7,94.5,4.9,-77.7,0.34,0.96,-0.86,0.09,0.75,-0.18
4.167938757999764,213,1743.71,94.6,4.9,-77.8,1.74,0.72,-0.65,0.08,0.81,-0.18
4.177938644999813,214,1743.72,94.8,4.8,-77.9,2.79,0.47,-0.41,0.06,0.87,-0.19
4.187945232999937,215,1743.73,95.1,4.8,-77.9,3.21,0.27,-0.32,0.06,0.92,-0.19
4.19790427199996,216,1743.74,95.5,4.8,-77.9,3.06,0.08,-0.23,0.05,1.01,-0.16
4.208029779999833,217,1743.75,95.8,4.7,-77.9,2.72,-0.24,-0.03,0.02,1.09,-0.09
4.217856153999946,218,1743.76,96.1,4.7,-77.9,2.61,-0.94,0.13,-0.02,1.1,-0.02
4.227910633999727,219,1743.77,96.4,4.7,-77.7,2.71,-1.9,0.18,-0.05,1.08,-0.02
4.238025311000001,220,1743.78,96.6,4.7,-77.5,2.45,-2.83,0.22,-0.07,1.07,-0.13
4.24805969199997,221,1743.79,96.8,4.7,-77.2,1.24,-3.14,0.19,-0.06,1.0,-0.32
4.257819563999874,222,1743.8,96.9,4.6,-76.9,0.09,-2.63,-0.18,0.02,0.99,-0.39
4.267942223999853,223,1743.81,96.9,4.6,-76.7,-0.12,-1.73,-0.23,0.09,1.21,-0.35
4.277852574000008,224,1743.82,97.0,4.6,-76.5,0.55,-1.39,0.38,0.08,1.4,-0.14
4.287873037999816,225,1743.83,97.1,4.6,-76.3,2.21,-1.72,1.44,0.1,1.6,-0.07
4.297933758999989,226,1743.84,97.4,4.8,-76.1,2.87,-2.01,2.81,0.12,1.59,-0.06
4.308003391000057,227,1743.85,97.6,5.1,-75.9,1.51,-2.53,3.66,0.21,1.36,-0.04
4.317905200000041,228,1743.86,97.7,5.5,-75.6,0.72,-2.3,3.78,0.35,1.23,-0.14
4.328031782999915,229,1743.87,97.8,5.8,-75.3,0.98,-1.29,3.58,0.33,1.21,-0.09
4.337913116999971,230,1743.88,97.9,6.1,-75.2,0.83,-0.74,3.19,0.26,1.18,0.02
4.3479997399999775,231,1743.89,98.0,6.4,-75.1,0.43,0.01,2.67,0.28,1.19,-0.09
4.357794644000023,232,1743.9,98.0,6.7,-75.2,-0.25,1.53,2.19,0.25,1.15,-0.14
4.36796033499968,233,1743.91,97.9,7.0,-75.4,-1.04,2.71,1.85,0.22,1.11,-0.07
4.377846718000001,234,1743.92,97.7,7.2,-75.7,-1.73,3.56,1.68,0.23,1.05,-0.05
4.387970769999811,235,1743.93,97.4,7.4,-76.0,-2.22,4.28,1.61,0.24,0.94,-0.07
4.398005826999906,236,1743.94,97.2,7.6,-76.5,-2.23,4.92,1.55,0.25,0.87,-0.04
4.407978488000026,237,1743.95,96.9,7.8,-77.0,-1.66,5.17,1.53,0.24,0.86,0.01
4.417871888999798,238,1743.96,96.7,8.0,-77.5,-0.74,5.09,1.45,0.2,0.87,0.03
4.4280288229997495,239,1743.97,96.6,8.2,-78.0,0.02,4.79,1.33,0.14,0.93,0.04
4.437945568000032,240,1743.98,96.6,8.4,-78.4,0.33,4.38,1.16,0.06,0.97,0.05
4.447937833999731,241,1743.99,96.5,8.5,-78.8,0.26,3.92,0.86,-0.03,0.97,0.02
4.458039541999824,242,1744.0,96.5,8.7,-79.2,-0.01,3.61,0.45,-0.12,0.95,-0.01
4.467909358999805,243,1744.01,96.4,8.7,-79.5,-0.23,3.26,-0.09,-0.2,0.92,0.0
4.477833618999739,244,1744.02,96.4,8.7,-79.8,-0.18,2.73,-0.57,-0.24,0.93,0.02
4.487953984999876,245,1744.03,96.3,8.7,-80.1,-0.03,2.08,-0.97,-0.24,0.93,0.02
4.497999770999741,246,1744.04,96.3,8.6,-80.3,-0.09,1.44,-1.27,-0.21,0.93,0.01
4.5079135940000015,247,1744.05,96.2,8.4,-80.4,-0.34,0.89,-1.44,-0.17,0.91,0.0
4.517901639999764,248,1744.06,96.2,8.3,-80.5,-0.7,0.43,-1.52,-0.13,0.89,0.0
4.52804807099983,249,1744.07,96.1,8.1,-80.5,-0.98,0.01,-1.51,-0.09,0.88,-0.01
4.537866600999678,250,1744.08,96.0,8.0,-80.5,-1.05,-0.28,-1.35,-0.06,0.88,-0.02
4.547998337000081,251,1744.09,95.9,7.9,-80.5,-1.04,-0.5,-1.16,-0.03,0.87,-0.02
4.558016214999952,252,1744.1,95.8,7.8,-80.4,-1.04,-0.67,-1.02,-0.02,0.87,-0.04
4.567861477999941,253,1744.11,95.7,7.7,-80.4,-1.15,-0.78,-0.9,0.0,0.88,-0.05
4.577813755000079,254,1744.12,95.6,7.6,-80.3,-1.36,-0.9,-0.8,0.0,0.9,-0.06
4.587943921999795,255,1744.13,95.4,7.4,-80.2,-1.53,-1.02,-0.68,0.01,0.91,-0.09
4.597862059999898,256,1744.14,95.3,7.3,-80.1,-1.54,-1.11,-0.52,0.01,0.91,-0.12
4.608052001000033,257,1744.15,95.1,7.3,-80.0,-1.41,-1.05,-0.33,0.02,0.91,-0.16
4.617889621999893,258,1744.16,95.0,7.2,-79.9,-1.25,-0.9,-0.14,0.02,0.91,-0.2
4.627917690999766,259,1744.17,94.9,7.2,-79.8,-1.17,-0.65,0.05,0.02,0.9,-0.23
4.637808166000013,260,1744.18,94.8,7.2,-79.8,-1.22,-0.42,0.26,0.01,0.88,-0.22
4.647978825999871,261,1744.19,94.7,7.3,-79.7,-1.36,-0.38,0.51,0.0,0.86,-0.18
4.657914170999902,262,1744.2,94.5,7.3,-79.7,-1.37,-0.58,0.83,-0.02,0.83,-0.14
4.667786097999851,263,1744.21,94.4,7.4,-79.6,-1.13,-0.94,1.12,-0.05,0.79,-0.13
4.67786723800009,264,1744.22,94.4,7.6,-79.4,-0.49,-1.39,1.34,-0.07,0.76,-0.13
4.687958723000065,265,1744.23,94.4,7.7,-79.3,0.4,-1.84,1.4,-0.08,0.74,-0.14
4.697782245999861,266,1744.24,94.5,7.8,-79.0,1.26,-2.17,1.32,-0.09,0.75,-0.15
4.707978548000028,267,1744.25,94.7,7.9,-78.8,1.8,-2.28,1.16,-0.1,0.8,-0.18
4.71782187000008,268,1744.26,94.9,8.0,-78.6,2.02,-2.13,0.98,-0.07,0.84,-0.2
4.727696953999839,269,1744.27,95.2,8.1,-78.4,2.05,-1.88,0.75,-0.03,0.89,-0.17
4.737907521000125,270,1744.28,95.4,8.1,-78.2,1.9,-1.66,0.47,0.0,0.92,-0.17
4.748023179000029,271,1744.29,95.6,8.1,-78.0,1.78,-1.33,0.19,0.05,0.96,-0.22
4.757738332999907,272,1744.3,95.8,8.1,-77.9,1.52,-0.6,-0.08,0.11,1.0,-0.29
4.7679341839998415,273,1744.31,95.9,8.1,-77.9,0.93,0.39,-0.27,0.15,1.02,-0.34
4.777896298000087,274,1744.32,95.9,8.1,-78.0,0.47,1.24,-0.42,0.18,1.0,-0.35
4.787949249000121,275,1744.33,96.0,8.0,-78.2,0.3,1.63,-0.49,0.18,1.0,-0.25
4.798014932000115,276,1744.34,96.0,8.0,-78.3,0.56,1.29,-0.66,0.1,0.97,-0.07
4.807957283999713,277,1744.35,96.1,7.9,-78.4,2.28,0.1,-1.4,0.11,1.02,-0.03
4.817810890999681,278,1744.36,96.4,7.7,-78.4,3.75,-0.29,-2.13,0.2,1.16,-0.16
4.828020751999702,279,1744.37,96.8,7.5,-78.4,4.48,0.35,-3.02,0.15,1.25,-0.33
4.837904041999991,280,1744.38,97.3,7.1,-78.6,4.09,1.57,-3.98,0.03,1.34,-0.36
4.8478436850000435,281,1744.39,97.5,6.7,-78.9,2.1,2.69,-4.32,-0.11,1.49,-0.24
4.858036121999703,282,1744.4,97.6,6.4,-79.2,0.37,3.02,-3.69,-0.23,1.52,-0.03
4.867895633999979,283,1744.41,97.6,6.1,-79.5,0.07,2.16,-2.83,-0.26,1.52,0.22
4.877778814000067,284,1744.42,97.6,5.9,-79.7,0.45,0.63,-1.79,-0.28,1.51,0.29
4.887888965000002,285,1744.43,97.6,5.7,-79.7,0.32,-0.67,-0.95,-0.25,1.41,0.24
4.898038106000058,286,1744.44,97.6,5.6,-79.6,-0.48,-1.68,-0.61,-0.16,1.3,0.25
4.907863102999727,287,1744.45,97.6,5.6,-79.4,-1.46,-2.53,-0.62,-0.03,1.23,0.25
4.917627280000033,288,1744.46,97.4,5.5,-79.1,-2.4,-3.27,-0.68,0.07,1.14,0.25
4.9279697019997,289,1744.47,97.2,5.3,-78.7,-2.72,-3.74,-0.88,0.1,1.0,0.22
4.937849830999767,290,1744.48,96.9,5.2,-78.4,-2.64,-4.06,-1.17,0.09,0.91,0.21
4.947839721000037,291,1744.49,96.7,5.0,-78.0,-2.46,-4.33,-1.48,0.08,0.83,0.14
4.958000149999862,292,1744.5,96.5,4.8,-77.6,-2.32,-4.06,-1.66,0.06,0.82,0.03
4.968029903000115,293,1744.51,96.3,4.6,-77.2,-2.36,-3.61,-1.58,0.08,0.84,-0.03
4.977739069000108,294,1744.52,96.1,4.4,-76.9,-1.7,-2.88,-1.25,0.1,0.9,-0.1
4.987949766999918,295,1744.53,96.0,4.3,-76.6,-0.87,-2.21,-0.77,0.13,0.94,-0.1
4.998041818999809,296,1744.54,95.9,4.3,-76.5,-0.24,-1.74,-0.32,0.17,0.96,-0.1
5.007813981999789,297,1744.55,95.9,4.3,-76.3,-0.13,-1.46,0.0,0.21,0.96,-0.1
5.017972824000026,298,1744.56,95.9,4.3,-76.2,-0.31,-1.27,0.25,0.24,0.97,-0.11
5.028023877000123,299,1744.57,95.9,4.4,-76.1,-0.3,-0.86,0.43,0.26,0.97,-0.16
5.037766750999708,300,1744.58,95.9,4.4,-76.0,-0.15,-0.64,0.69,0.24,0.97,-0.13
5.048018839999713,301,1744.59,95.9,4.5,-75.9,0.14,-0.48,0.95,0.21,0.95,-0.13
5.058012010999846,302,1744.6,95.9,4.6,-75.9,0.57,-0.23,1.09,0.19,0.92,-0.13
5.067747827999938,303,1744.61,96.0,4.7,-75.9,0.79,0.06,1.14,0.16,0.91,-0.12
5.0778643069998,304,1744.62,96.1,4.9,-75.9,0.76,0.24,1.13,0.15,0.91,-0.1
5.087920639999993,305,1744.63,96.2,5.0,-75.9,0.47,0.61,1.07,0.14,0.91,-0.12
5.097764034999727,306,1744.64,96.2,5.2,-76.0,0.08,0.87,1.05,0.13,0.91,-0.12
5.108010670000112,307,1744.65,96.2,5.3,-76.0,-0.17,1.16,1.04,0.12,0.91,-0.12
5.117862263000006,308,1744.66,96.2,5.5,-76.2,-0.27,1.39,1.04,0.11,0.89,-0.13
5.127787936000004,309,1744.67,96.2,5.6,-76.3,-0.37,1.53,1.03,0.11,0.87,-0.15
5.137914507000005,310,1744.68,96.2,5.7,-76.4,-0.22,1.72,0.98,0.1,0.86,-0.16
5.14796996899986,311,1744.69,96.2,5.9,-76.6,-0.16,1.74,0.96,0.1,0.86,-0.16
5.157819312999891,312,1744.7,96.2,6.0,-76.8,-0.06,1.78,0.87,0.08,0.84,-0.17
5.167927514999974,313,1744.71,96.2,6.1,-76.9,-0.03,1.72,0.75,0.06,0.85,-0.17
5.177843426999971,314,1744.72,96.2,6.1,-77.1,-0.06,1.63,0.58,0.05,0.84,-0.2
5.187932369999999,315,1744.73,96.2,6.2,-77.2,-0.18,1.47,0.36,0.04,0.83,-0.22
5.197852628999954,316,1744.74,96.2,6.2,-77.4,-0.34,1.3,0.08,0.03,0.83,-0.25
5.207956090999687,317,1744.75,96.1,6.2,-77.5,-0.63,1.15,-0.2,0.04,0.81,-0.28
5.217795253000077,318,1744.76,96.0,6.2,-77.6,-1.0,0.99,-0.5,0.06,0.78,-0.29
5.227913798999907,319,1744.77,95.9,6.2,-77.7,-1.27,0.95,-0.82,0.09,0.76,-0.29
5.237961708000057,320,1744.78,95.7,6.1,-77.8,-1.27,0.9,-1.11,0.13,0.74,-0.29
5.247945799999798,321,1744.79,95.6,6.0,-77.9,-0.89,1.02,-1.27,0.16,0.76,-0.28
5.257878766999966,322,1744.8,95.6,5.8,-78.0,-0.25,1.19,-1.26,0.17,0.82,-0.23
5.267798253999899,323,1744.81,95.6,5.7,-78.2,0.61,1.05,-1.07,0.13,0.89,-0.16
5.277815743999781,324,1744.82,95.7,5.7,-78.3,1.29,0.7,-0.84,0.08,0.95,-0.14
5.287803136000093,325,1744.83,95.9,5.6,-78.3,1.57,0.33,-0.58,0.04,1.0,-0.14
5.297988418999921,326,1744.84,96.0,5.5,-78.3,1.32,0.03,-0.33,0.0,1.04,-0.14
5.307945669999754,327,1744.85,96.1,5.5,-78.3,0.81,-0.24,-0.09,-0.06,1.04,-0.11
5.3178520389997175,328,1744.86,96.2,5.5,-78.3,0.7,-0.64,0.08,-0.11,1.04,-0.06
5.328008194999711,329,1744.87,96.3,5.5,-78.2,0.91,-1.43,0.3,-0.15,1.04,0.0
5.337911210000129,330,1744.88,96.4,5.5,-78.0,0.99,-2.54,0.54,-0.15,1.01,-0.06
5.347885367999879,331,1744.89,96.5,5.5,-77.7,0.71,-3.25,0.56,-0.09,0.92,-0.26
5.3579183679999005,332,1744.9,96.6,5.5,-77.3,0.41,-3.04,0.31,0.02,0.88,-0.47
5.368035814999985,333,1744.91,96.7,5.5,-77.1,0.03,-2.1,-0.13,0.17,0.91,-0.49
5.377702830000089,334,1744.92,96.7,5.5,-76.9,-0.02,-1.27,-0.04,0.3,1.16,-0.37
5.387974369999938,335,1744.93,96.7,5.5,-76.8,0.79,-0.8,0.79,0.25,1.41,-0.2
5.398197053999866,336,1744.94,96.9,5.7,-76.7,2.98,-1.04,2.05,0.21,1.65,-0.04
5.407863761000044,337,1744.95,97.3,5.9,-76.5,4.32,-1.6,3.71,0.16,1.78,-0.05
5.417911927999739,338,1744.96,97.6,6.3,-76.3,2.72,-2.05,4.65,0.18,1.5,-0.06
5.428042598000047,339,1744.97,97.8,6.8,-76.0,0.46,-2.03,4.3,0.28,1.3,0.0
5.437815594999847,340,1744.98,97.8,7.1,-75.8,-0.66,-1.39,3.34,0.27,1.2,0.01
5.447994205999748,341,1744.99,97.7,7.4,-75.7,-0.85,-0.6,2.32,0.22,1.19,0.02
5.457915170999968,342,1745.0,97.6,7.6,-75.6,-0.92,0.43,1.65,0.22,1.2,-0.13
5.4678630299999895,343,1745.01,97.5,7.8,-75.8,-1.1,2.41,1.31,0.22,1.13,-0.21
5.477956060999986,344,1745.02,97.3,8.0,-76.1,-1.31,3.97,1.1,0.19,1.12,-0.05
5.4879747320001115,345,1745.03,97.1,8.1,-76.5,-2.17,4.58,0.95,0.17,1.05,0.01
5.497940606999691,346,1745.04,96.8,8.3,-77.0,-2.91,5.18,0.85,0.2,0.98,0.03
5.507940619999772,347,1745.05,96.3,8.4,-77.5,-3.56,5.43,0.84,0.24,0.88,0.09
5.51795280899978,348,1745.06,95.9,8.6,-78.1,-3.53,5.33,0.92,0.24,0.79,0.12
5.527860042999691,349,1745.07,95.5,8.7,-78.6,-2.73,5.04,0.96,0.2,0.74,0.14
5.5381615589999456,350,1745.08,95.2,8.9,-79.0,-1.32,4.37,0.93,0.12,0.75,0.17
5.547993447999943,351,1745.09,95.1,9.0,-79.4,0.17,3.44,0.91,0.03,0.82,0.16
5.557770311999775,352,1745.1,95.2,9.1,-79.7,1.33,2.61,0.75,-0.07,0.89,0.1
5.568092583999714,353,1745.11,95.3,9.2,-79.9,1.72,2.14,0.4,-0.17,0.95,-0.01
5.57812695299981,354,1745.12,95.4,9.2,-80.2,1.2,2.06,-0.12,-0.24,1.0,-0.08
5.587843819999762,355,1745.13,95.4,9.2,-80.4,0.09,1.86,-0.61,-0.24,1.02,-0.05
5.597864215999834,356,1745.14,95.4,9.1,-80.5,-1.1,1.46,-0.95,-0.19,0.99,-0.03
5.607911476000027,357,1745.15,95.2,9.0,-80.7,-1.58,0.94,-1.16,-0.13,0.92,-0.01
5.618080794999969,358,1745.16,95.0,8.9,-80.7,-1.42,0.39,-1.4,-0.08,0.85,0.0
5.627879546999793,359,1745.17,94.9,8.7,-80.8,-0.94,-0.06,-1.58,-0.04,0.84,-0.01
5.637956647999999,360,1745.18,94.8,8.6,-80.8,-0.62,-0.4,-1.6,0.0,0.85,-0.01
5.647995658000127,361,1745.19,94.8,8.4,-80.7,-0.56,-0.62,-1.48,0.02,0.87,-0.03
5.65771863100008,362,1745.2,94.7,8.2,-80.7,-0.63,-0.74,-1.32,0.04,0.88,-0.06
5.667961276999904,363,1745.21,94.7,8.1,-80.6,-0.8,-0.77,-1.15,0.04,0.88,-0.09
5.677887732999807,364,1745.22,94.6,7.9,-80.5,-0.9,-0.79,-1.04,0.04,0.88,-0.11
5.687768993999725,365,1745.23,94.5,7.8,-80.4,-0.92,-0.79,-0.98,0.04,0.87,-0.12
5.698135534999892,366,1745.24,94.4,7.7,-80.4,-0.89,-0.8,-0.91,0.04,0.89,-0.13
5.707967897999879,367,1745.25,94.4,7.6,-80.3,-0.79,-0.77,-0.79,0.04,0.92,-0.16
5.718105706999722,368,1745.26,94.3,7.5,-80.2,-0.7,-0.61,-0.66,0.04,0.93,-0.2
5.728024360999825,369,1745.27,94.2,7.5,-80.2,-0.73,-0.39,-0.52,0.04,0.94,-0.22
5.737952951999887,370,1745.28,94.2,7.4,-80.2,-0.98,-0.14,-0.39,0.03,0.93,-0.23
5.7479206829998475,371,1745.29,94.0,7.4,-80.2,-1.37,0.02,-0.29,0.01,0.91,-0.22
5.757842048999919,372,1745.3,93.9,7.3,-80.2,-1.76,0.05,-0.16,-0.01,0.9,-0.21
5.7678849079998145,373,1745.31,93.7,7.3,-80.2,-1.99,-0.04,0.01,-0.03,0.88,-0.2
5.777708894999705,374,1745.32,93.5,7.4,-80.2,-2.07,-0.23,0.2,-0.06,0.85,-0.2
5.7876504689998,375,1745.33,93.3,7.4,-80.1,-1.99,-0.52,0.37,-0.08,0.81,-0.18
5.797360994999963,376,1745.34,93.1,7.4,-80.0,-1.57,-0.91,0.46,-0.1,0.77,-0.14
5.807828959999824,377,1745.35,93.0,7.5,-79.9,-0.75,-1.41,0.42,-0.13,0.74,-0.11
5.817848098000013,378,1745.36,93.0,7.5,-79.8,0.13,-1.84,0.27,-0.12,0.75,-0.12
5.828077038999709,379,1745.37,93.1,7.5,-79.6,0.82,-2.01,0.2,-0.1,0.81,-0.14
5.837888699999894,380,1745.38,93.2,7.5,-79.3,1.34,-2.05,0.1,-0.06,0.87,-0.14
5.848078722000082,381,1745.39,93.4,7.5,-79.1,1.61,-1.87,-0.05,-0.04,0.91,-0.17
5.857929219999733,382,1745.4,93.6,7.5,-79.0,1.72,-1.44,-0.37,-0.02,0.96,-0.19
5.867975080999713,383,1745.41,93.8,7.4,-78.9,1.47,-0.76,-0.75,0.0,1.02,-0.22
5.877958142999887,384,1745.42,93.9,7.3,-78.9,0.69,0.06,-1.03,0.06,1.06,-0.23
5.887974475999727,385,1745.43,93.9,7.2,-78.9,-0.09,0.6,-1.1,0.11,1.03,-0.24
5.897922809999727,386,1745.44,93.9,7.1,-79.0,-0.4,0.72,-1.09,0.12,0.97,-0.22
5.907970245999877,387,1745.45,93.8,7.0,-79.1,-0.64,0.67,-0.89,0.07,0.94,-0.05
5.917948834000072,388,1745.46,93.8,6.9,-79.1,0.6,-0.49,-1.26,0.04,0.86,0.2
5.928013870000086,389,1745.47,94.0,6.7,-78.9,3.31,-2.15,-2.15,0.19,1.01,0.1
5.937957288999769,390,1745.48,94.5,6.4,-78.7,5.36,-1.63,-2.98,0.24,1.13,-0.23
5.9480516240000725,391,1745.49,95.1,6.1,-78.7,6.13,0.21,-4.31,0.11,1.22,-0.32
5.957943721999982,392,1745.5,95.6,5.6,-78.9,4.67,2.09,-5.27,-0.04,1.53,-0.22
5.967836044999785,393,1745.51,95.9,5.1,-79.2,1.98,3.07,-4.62,-0.07,1.74,0.05
5.978071101999831,394,1745.52,96.0,4.7,-79.5,0.43,2.25,-3.32,-0.06,1.72,0.4
5.98798887699968,395,1745.53,96.0,4.5,-79.7,0.16,0.1,-2.0,-0.12,1.58,0.48
5.9981421249999585,396,1745.54,96.0,4.3,-79.6,0.32,-1.61,-1.3,-0.11,1.36,0.37
6.007926222999686,397,1745.55,96.1,4.2,-79.4,-0.28,-2.36,-1.05,-0.03,1.24,0.25
6.017922770000041,398,1745.56,96.0,4.1,-79.2,-1.33,-2.52,-0.95,0.0,1.1,0.17
6.028068331999748,399,1745.57,95.9,3.9,-78.9,-1.68,-2.7,-0.97,-0.02,0.94,0.19
6.038166618000105,400,1745.58,95.7,3.8,-78.6,-1.21,-3.12,-1.07,-0.08,0.85,0.2
6.047967743999834,401,1745.59,95.7,3.7,-78.3,-0.38,-3.7,-1.13,-0.12,0.81,0.19
6.05782587099975,402,1745.6,95.7,3.5,-77.9,0.46,-4.41,-1.17,-0.09,0.86,0.15
6.067902144000072,403,1745.61,95.8,3.4,-77.5,0.9,-4.21,-1.15,-0.03,0.95,-0.03
6.077961516999949,404,1745.62,95.9,3.2,-77.1,0.27,-3.86,-0.87,0.01,1.06,-0.04
6.087770826999986,405,1745.63,95.9,3.1,-76.7,-0.17,-3.46,-0.46,0.08,1.11,-0.07
6.098159286999817,406,1745.64,95.8,3.1,-76.4,-0.57,-3.06,-0.13,0.14,1.07,-0.11
6.10789320799995,407,1745.65,95.8,3.1,-76.1,-0.66,-2.66,0.15,0.2,1.07,-0.15
6.117833142000109,408,1745.66,95.7,3.1,-75.9,-0.82,-2.24,0.42,0.25,1.04,-0.13
6.128052261999983,409,1745.67,95.7,3.1,-75.7,-0.9,-1.99,0.76,0.26,1.05,-0.1
6.137938322000082,410,1745.68,95.6,3.2,-75.5,-0.87,-1.77,1.07,0.25,1.01,-0.11
6.14787908199969,411,1745.69,95.5,3.3,-75.3,-0.66,-1.48,1.39,0.22,0.98,-0.13
6.157943748999969,412,1745.7,95.5,3.4,-75.2,-0.4,-0.99,1.61,0.19,0.93,-0.15
6.167958845999692,413,1745.71,95.4,3.6,-75.1,-0.27,-0.56,1.78,0.17,0.89,-0.14
6.177886263999881,414,1745.72,95.4,3.8,-75.0,-0.06,-0.17,1.84,0.14,0.85,-0.12
6.187838398999702,415,1745.73,95.4,4.0,-75.0,0.08,0.16,1.73,0.12,0.84,-0.11
6.198163886999737,416,1745.74,95.5,4.2,-75.0,0.05,0.35,1.61,0.11,0.84,-0.11
6.207952219999697,417,1745.75,95.5,4.4,-75.0,0.0,0.46,1.46,0.1,0.86,-0.1
6.217904751999868,418,1745.76,95.5,4.5,-75.1,-0.14,0.5,1.27,0.09,0.87,-0.11
6.227905824000118,419,1745.77,95.5,4.7,-75.1,-0.41,0.39,1.14,0.09,0.86,-0.12
6.238005917999999,420,1745.78,95.5,4.8,-75.1,-0.52,0.32,0.98,0.08,0.86,-0.14
6.248026355000093,421,1745.79,95.5,4.9,-75.1,-0.65,0.29,0.76,0.08,0.84,-0.16
6.258146810999733,422,1745.8,95.5,5.0,-75.2,-0.68,0.37,0.48,0.08,0.84,-0.18
6.267952070999854,423,1745.81,95.4,5.0,-75.2,-0.74,0.44,0.26,0.09,0.85,-0.2
6.2781660709997595,424,1745.82,95.3,5.0,-75.2,-0.86,0.51,0.05,0.09,0.84,-0.21
6.2880640339999445,425,1745.83,95.2,5.0,-75.3,-1.01,0.52,-0.18,0.09,0.81,-0.24
6.298159106999719,426,1745.84,95.1,5.0,-75.4,-1.31,0.58,-0.45,0.12,0.77,-0.28
6.307856693999838,427,1745.85,95.0,4.9,-75.4,-1.6,0.74,-0.73,0.14,0.74,-0.31
6.31788354299988,428,1745.86,94.8,4.9,-75.5,-1.56,1.07,-0.97,0.16,0.71,-0.33
6.327959642999758,429,1745.87,94.6,4.8,-75.7,-1.12,1.35,-1.14,0.19,0.71,-0.3
6.337761182000122,430,1745.88,94.6,4.7,-75.8,-0.2,1.59,-1.15,0.19,0.75,-0.27
6.348056603999794,431,1745.89,94.6,4.6,-76.0,0.9,1.67,-0.93,0.17,0.8,-0.22
6.357824744000027,432,1745.9,94.7,4.5,-76.2,1.97,1.5,-0.63,0.16,0.86,-0.17
6.367857498999911,433,1745.91,95.0,4.5,-76.3,2.71,1.23,-0.31,0.13,0.91,-0.16
6.377878023999983,434,1745.92,95.3,4.5,-76.4,2.96,1.05,-0.07,0.08,0.94,-0.19
6.387990948999686,435,1745.93,95.6,4.5,-76.5,2.72,0.99,0.04,0.02,0.95,-0.18
6.397814676000053,436,1745.94,95.9,4.5,-76.6,2.44,0.78,0.2,-0.02,1.02,-0.11
6.407985486999678,437,1745.95,96.1,4.5,-76.6,2.36,0.21,0.51,-0.07,1.04,-0.04
6.417946140999902,438,1745.96,96.3,4.5,-76.6,2.54,-0.72,0.77,-0.11,1.02,-0.04
6.427841839999928,439,1745.97,96.6,4.6,-76.5,2.39,-1.76,0.93,-0.12,0.98,-0.15
6.437870599999769,440,1745.98,96.8,4.7,-76.3,1.69,-2.14,1.0,-0.04,0.97,-0.32
6.448073776000001,441,1745.99,97.0,4.8,-76.1,1.05,-1.53,0.9,0.07,1.05,-0.36
6.457770655999866,442,1746.0,97.1,4.9,-75.9,0.87,-0.77,1.23,0.12,1.27,-0.25
6.467847198000072,443,1746.01,97.2,5.0,-75.8,1.4,-0.74,1.87,0.01,1.41,-0.08
6.478158236000127,444,1746.02,97.4,5.2,-75.7,2.69,-1.2,2.68,0.01,1.61,-0.11
6.4879763859999,445,1746.03,97.7,5.5,-75.5,3.1,-1.58,4.01,0.02,1.69,-0.11
6.497816217000036,446,1746.04,98.0,5.9,-75.3,1.6,-2.29,4.69,0.1,1.46,0.02
6.507990640000116,447,1746.05,98.1,6.3,-74.9,0.66,-2.95,4.58,0.21,1.32,-0.01
6.51793186399982,448,1746.06,98.2,6.7,-74.6,0.72,-2.36,4.0,0.2,1.27,-0.08
6.527713993999896,449,1746.07,98.3,7.0,-74.4,0.27,-1.57,3.21,0.24,1.21,-0.04
6.538002993999726,450,1746.08,98.3,7.3,-74.2,-0.12,-0.49,2.36,0.37,1.16,-0.16
6.547989566000069,451,1746.09,98.2,7.5,-74.3,-0.43,1.5,1.69,0.4,1.06,-0.22
6.557758906999879,452,1746.1,98.1,7.7,-74.5,-0.95,3.02,1.23,0.37,1.09,-0.13
6.567791427999964,453,1746.11,98.0,7.8,-74.8,-1.58,4.23,1.16,0.33,1.1,-0.07
6.577958929000033,454,1746.12,97.7,8.0,-75.3,-2.14,5.19,1.29,0.26,1.03,0.0
6.58801855899992,455,1746.13,97.4,8.2,-75.8,-2.5,5.78,1.33,0.21,0.93,0.07
6.59800538699983,456,1746.14,97.1,8.4,-76.4,-2.38,5.79,1.39,0.15,0.86,0.1
6.607873242000096,457,1746.15,96.8,8.7,-77.0,-1.8,5.62,1.47,0.1,0.86,0.11
6.6177622279997195,458,1746.16,96.6,8.9,-77.5,-1.05,5.09,1.55,0.07,0.85,0.13
6.627947006999875,459,1746.17,96.4,9.1,-77.9,-0.32,4.36,1.47,0.01,0.86,0.14
6.637982773999738,460,1746.18,96.4,9.2,-78.3,0.13,3.63,1.11,-0.06,0.87,0.09
6.647788854999817,461,1746.19,96.3,9.4,-78.6,0.1,3.18,0.5,-0.14,0.89,0.03
6.657941039999969,462,1746.2,96.3,9.4,-78.9,-0.26,2.76,-0.1,-0.22,0.93,0.02
6.667917076999856,463,1746.21,96.2,9.4,-79.2,-0.67,2.35,-0.67,-0.28,0.94,0.05
6.677783575999911,464,1746.22,96.0,9.3,-79.4,-0.92,1.74,-1.07,-0.28,0.95,0.07
6.68805389399995,465,1746.23,95.9,9.2,-79.6,-1.1,1.01,-1.28,-0.24,0.91,0.06
6.698130621000018,466,1746.24,95.8,9.1,-79.6,-1.19,0.3,-1.39,-0.17,0.87,0.03
6.707837943999948,467,1746.25,95.7,9.0,-79.7,-1.04,-0.26,-1.44,-0.1,0.85,0.01
6.717850958999861,468,1746.26,95.6,8.8,-79.6,-0.79,-0.64,-1.43,-0.03,0.85,-0.01
6.728064597999946,469,1746.27,95.5,8.7,-79.6,-0.69,-0.8,-1.35,0.01,0.87,-0.04
6.737900092000018,470,1746.28,95.5,8.5,-79.5,-0.84,-0.81,-1.24,0.04,0.9,-0.07
6.747890148999886,471,1746.29,95.4,8.3,-79.4,-1.03,-0.71,-1.13,0.06,0.91,-0.09
6.758171702999789,472,1746.3,95.3,8.2,-79.4,-1.11,-0.58,-1.03,0.07,0.91,-0.11
6.767896945999837,473,1746.31,95.2,8.0,-79.3,-1.11,-0.56,-0.94,0.07,0.91,-0.11
6.77767303399969,474,1746.32,95.1,7.9,-79.3,-1.04,-0.55,-0.82,0.06,0.91,-0.12
6.787957658999858,475,1746.33,95.1,7.8,-79.2,-0.9,-0.57,-0.68,0.05,0.91,-0.14
6.798132112000076,476,1746.34,95.0,7.7,-79.2,-0.76,-0.57,-0.52,0.04,0.92,-0.16
6.807852645999901,477,1746.35,94.9,7.7,-79.1,-0.7,-0.54,-0.36,0.03,0.93,-0.18
6.817756506000023,478,1746.36,94.8,7.6,-79.1,-0.81,-0.51,-0.24,0.01,0.93,-0.18
6.828051922999748,479,1746.37,94.8,7.6,-79.0,-1.01,-0.56,-0.16,0.0,0.92,-0.18
6.837841102999846,480,1746.38,94.7,7.6,-78.9,-1.22,-0.61,-0.1,-0.03,0.91,-0.18
6.8480768340000395,481,1746.39,94.5,7.6,-78.9,-1.43,-0.75,-0.03,-0.04,0.9,-0.17
6.857822830999794,482,1746.4,94.4,7.6,-78.8,-1.62,-0.96,0.12,-0.07,0.88,-0.16
6.867850123999688,483,1746.41,94.2,7.6,-78.7,-1.78,-1.2,0.28,-0.1,0.84,-0.16
6.878151546000026,484,1746.42,94.1,7.6,-78.5,-1.69,-1.46,0.44,-0.13,0.8,-0.15
6.88795350700002,485,1746.43,93.9,7.7,-78.4,-1.21,-1.79,0.55,-0.14,0.76,-0.13
6.897822210999948,486,1746.44,93.9,7.7,-78.2,-0.31,-2.14,0.6,-0.14,0.73,-0.11
6.907951899999716,487,1746.45,94.0,7.7,-77.9,0.84,-2.48,0.57,-0.11,0.74,-0.12
6.9179343349997,488,1746.46,94.1,7.8,-77.7,1.88,-2.6,0.45,-0.07,0.77,-0.15
6.927825993999704,489,1746.47,94.4,7.8,-77.4,2.63,-2.56,0.27,-0.01,0.83,-0.19
6.937985063999804,490,1746.48,94.7,7.8,-77.2,2.95,-2.16,0.06,0.04,0.91,-0.23
6.948054594000041,491,1746.49,95.0,7.8,-77.0,2.77,-1.53,-0.14,0.1,0.99,-0.29
6.95779011400009,492,1746.5,95.3,7.7,-76.9,2.03,-0.52,-0.3,0.13,1.05,-0.32
6.968014081000092,493,1746.51,95.5,7.7,-76.9,1.04,0.4,-0.48,0.15,1.06,-0.27
6.977909232999991,494,1746.52,95.5,7.7,-76.9,0.4,0.71,-0.61,0.17,1.02,-0.22
6.9879232799999045,495,1746.53,95.5,7.6,-77.0,0.22,0.68,-0.64,0.15,0.99,-0.19
6.997873586999958,496,1746.54,95.6,7.5,-77.1,0.6,0.37,-0.74,0.06,0.94,-0.06
7.007936007999888,497,1746.55,95.7,7.4,-77.1,2.38,-0.81,-1.53,0.03,0.95,0.0
7.017795251999814,498,1746.56,96.1,7.2,-77.0,3.93,-1.11,-2.24,0.17,1.13,-0.2
7.027815548000035,499,1746.57,96.5,6.9,-76.9,4.77,-0.16,-3.15,0.17,1.25,-0.39
7.03797287999987,500,1746.58,97.0,6.6,-77.1,4.33,1.36,-4.19,0.01,1.32,-0.39
7.0479036100000485,501,1746.59,97.3,6.1,-77.3,2.79,2.51,-4.83,-0.12,1.47,-0.22
7.0578176139997595,502,1746.6,97.5,5.7,-77.6,1.27,2.65,-4.52,-0.15,1.57,0.05
7.0679063399998086,503,1746.61,97.5,5.3,-77.9,0.58,1.55,-3.47,-0.09,1.66,0.27
7.0779409040001156,504,1746.62,97.5,5.1,-78.0,-0.05,0.23,-2.0,-0.11,1.59,0.22
7.087848930999826,505,1746.63,97.5,4.9,-78.0,-0.33,-0.28,-1.09,-0.14,1.38,0.1
7.097924534999947,506,1746.64,97.5,4.8,-78.0,-0.65,-0.56,-0.75,-0.09,1.25,0.19
7.107858729999862,507,1746.65,97.4,4.8,-77.9,-1.22,-1.27,-0.56,-0.01,1.19,0.28
7.117865251999774,508,1746.66,97.2,4.7,-77.7,-1.81,-2.33,-0.31,0.03,1.11,0.32
7.128056543999719,509,1746.67,97.1,4.6,-77.5,-2.13,-3.34,-0.18,0.02,0.99,0.29
7.137955296999735,510,1746.68,96.9,4.6,-77.1,-2.18,-3.98,-0.24,-0.01,0.88,0.27
7.147867604000112,511,1746.69,96.7,4.5,-76.7,-2.06,-4.53,-0.46,-0.03,0.82,0.22
7.1579047599998376,512,1746.7,96.5,4.4,-76.2,-2.14,-4.53,-0.68,-0.03,0.8,0.1
7.16789719999997,513,1746.71,96.3,4.2,-75.8,-2.41,-4.0,-0.79,0.0,0.82,0.01
7.177750518999801,514,1746.72,96.1,4.1,-75.4,-2.18,-3.18,-0.72,0.05,0.86,-0.06
7.187955613999748,515,1746.73,95.9,4.0,-75.2,-1.87,-2.52,-0.58,0.11,0.89,-0.06
7.198183009999866,516,1746.74,95.7,4.0,-75.0,-1.47,-2.04,-0.32,0.18,0.95,-0.09
7.2078557780000665,517,1746.75,95.6,4.0,-74.8,-1.32,-1.61,-0.09,0.24,0.97,-0.13
7.217837311000039,518,1746.76,95.5,4.0,-74.6,-1.31,-1.35,0.1,0.29,1.0,-0.13
7.228044022999711,519,1746.77,95.4,4.0,-74.5,-1.27,-1.04,0.36,0.3,1.03,-0.13
7.237854477999917,520,1746.78,95.3,4.0,-74.4,-1.11,-0.91,0.74,0.29,1.06,-0.12
7.247922480999932,521,1746.79,95.2,4.1,-74.3,-0.79,-0.58,1.1,0.24,1.02,-0.14
7.257886240000062,522,1746.8,95.1,4.3,-74.3,-0.27,-0.31,1.33,0.2,1.0,-0.11
7.267867989000024,523,1746.81,95.1,4.4,-74.2,0.06,-0.08,1.46,0.15,0.97,-0.1
7.278154078999705,524,1746.82,95.2,4.6,-74.2,0.07,0.13,1.52,0.11,0.94,-0.1
7.287951709000026,525,1746.83,95.2,4.8,-74.2,-0.04,0.3,1.47,0.07,0.91,-0.11
7.297879978999845,526,1746.84,95.2,4.9,-74.3,-0.2,0.44,1.41,0.03,0.89,-0.1
7.308056281000063,527,1746.85,95.2,5.0,-74.3,-0.25,0.39,1.43,0.0,0.88,-0.09
7.317834372000107,528,1746.86,95.2,5.1,-74.3,-0.18,0.17,1.46,-0.02,0.86,-0.1
7.327824753999721,529,1746.87,95.1,5.3,-74.3,0.02,-0.02,1.43,-0.03,0.86,-0.12
7.33813034800005,530,1746.88,95.2,5.4,-74.3,0.13,-0.23,1.35,-0.01,0.86,-0.14
7.347977711000112,531,1746.89,95.2,5.5,-74.2,0.17,-0.33,1.2,0.01,0.88,-0.16
7.357835517999774,532,1746.9,95.2,5.6,-74.2,-0.08,-0.43,1.01,0.04,0.89,-0.18
7.367985983999915,533,1746.91,95.2,5.7,-74.1,-0.46,-0.44,0.76,0.08,0.89,-0.2
7.378167818999827,534,1746.92,95.1,5.8,-74.1,-0.87,-0.46,0.49,0.11,0.88,-0.22
7.387947006000104,535,1746.93,95.0,5.8,-74.0,-1.21,-0.37,0.24,0.13,0.86,-0.24
7.39788088899968,536,1746.94,94.9,5.8,-74.0,-1.49,-0.33,0.0,0.14,0.82,-0.24
7.407937544000106,537,1746.95,94.7,5.8,-74.0,-1.72,-0.24,-0.24,0.15,0.78,-0.26
7.417911102999824,538,1746.96,94.6,5.8,-74.0,-1.87,0.01,-0.51,0.17,0.73,-0.3
7.42785547099993,539,1746.97,94.4,5.7,-74.0,-1.84,0.41,-0.75,0.2,0.69,-0.31
7.437965959999929,540,1746.98,94.2,5.6,-74.1,-1.49,0.9,-0.94,0.23,0.68,-0.3
7.447975237999799,541,1746.99,94.1,5.5,-74.2,-0.69,1.32,-0.97,0.23,0.71,-0.24
7.457790408999699,542,1747.0,94.0,5.4,-74.3,0.52,1.56,-0.94,0.2,0.75,-0.2
7.4678668870001275,543,1747.01,94.2,5.4,-74.5,1.81,1.51,-0.76,0.16,0.83,-0.15
7.477994438999758,544,1747.02,94.4,5.3,-74.6,2.68,1.27,-0.48,0.12,0.91,-0.15
7.487911886999882,545,1747.03,94.7,5.3,-74.8,2.77,1.08,-0.2,0.05,0.94,-0.16
7.497927942999922,546,1747.04,95.0,5.3,-74.9,2.52,0.97,-0.03,0.0,1.01,-0.12
7.507902875000127,547,1747.05,95.2,5.2,-74.9,2.31,0.58,0.19,-0.06,1.05,-0.06
7.518043963999844,548,1747.06,95.5,5.3,-75.0,2.33,-0.11,0.32,-0.13,1.03,-0.01
7.528041837999808,549,1747.07,95.7,5.3,-74.9,2.24,-1.21,0.31,-0.16,0.97,-0.07
7.537963700000091,550,1747.08,95.9,5.3,-74.7,1.59,-1.95,0.27,-0.11,0.96,-0.26
7.547890898999867,551,1747.09,96.0,5.3,-74.5,0.46,-1.59,0.08,0.01,0.96,-0.37
7.558174403000066,552,1747.1,96.1,5.3,-74.4,0.1,-0.64,0.07,0.15,1.19,-0.3
7.567874861999826,553,1747.11,96.1,5.4,-74.4,0.48,0.06,0.85,0.14,1.47,-0.07
7.577858406999894,554,1747.12,96.2,5.5,-74.4,2.08,-0.41,2.06,0.07,1.66,0.05
7.587895338999715,555,1747.13,96.5,5.8,-74.3,3.58,-1.0,3.56,0.05,1.76,-0.09
7.5981295199999295,556,1747.14,96.8,6.1,-74.1,2.57,-1.08,4.48,0.12,1.5,-0.06
7.607773436000116,557,1747.15,97.0,6.6,-73.9,1.03,-1.4,4.33,0.26,1.31,0.02
7.617898796999725,558,1747.16,97.1,6.9,-73.7,0.87,-1.16,3.49,0.28,1.23,-0.02
7.628040060999865,559,1747.17,97.2,7.2,-73.6,0.9,-0.63,2.38,0.23,1.17,0.04
7.637806049000119,560,1747.18,97.3,7.4,-73.6,0.45,-0.3,1.38,0.31,1.19,-0.03
7.647962978000123,561,1747.19,97.3,7.5,-73.6,-0.08,1.17,0.72,0.39,1.11,-0.22
7.6578555010000855,562,1747.2,97.2,7.6,-73.8,-0.72,2.9,0.23,0.32,1.09,-0.15
7.667831105999994,563,1747.21,97.0,7.6,-74.1,-1.61,3.88,0.1,0.26,1.09,-0.09
7.678165309999713,564,1747.22,96.8,7.7,-74.6,-2.31,4.96,0.36,0.21,1.09,-0.02
7.687947374000032,565,1747.23,96.4,7.8,-75.1,-2.86,5.7,0.7,0.17,0.97,0.05
7.698105048999878,566,1747.24,96.1,8.0,-75.7,-2.9,5.83,1.03,0.13,0.87,0.14
7.70806544900006,567,1747.25,95.7,8.2,-76.3,-2.24,5.51,1.34,0.09,0.82,0.16
7.717877753999801,568,1747.26,95.5,8.4,-76.8,-1.25,5.27,1.47,0.06,0.77,0.08
7.728076073000011,569,1747.27,95.3,8.6,-77.3,-0.27,4.89,1.43,0.03,0.78,0.09
7.738155185999858,570,1747.28,95.3,8.7,-77.7,0.47,4.39,1.15,0.0,0.83,0.09
7.748051221999958,571,1747.29,95.3,8.9,-78.1,0.75,3.97,0.73,-0.04,0.89,0.04
7.757905263999874,572,1747.3,95.3,8.9,-78.5,0.58,3.67,0.27,-0.09,0.94,0.0
7.767736667999998,573,1747.31,95.3,9.0,-78.9,0.25,3.42,-0.16,-0.14,0.98,0.01
7.778182897000079,574,1747.32,95.2,9.0,-79.2,-0.11,2.95,-0.52,-0.17,0.98,0.02
7.787961048999932,575,1747.33,95.2,8.9,-79.5,-0.31,2.43,-0.8,-0.18,0.96,0.01
7.797773209999832,576,1747.34,95.1,8.9,-79.7,-0.51,1.99,-1.04,-0.17,0.9,0.0
7.8074884949996886,577,1747.35,95.0,8.8,-79.9,-0.58,1.5,-1.3,-0.14,0.85,0.0
7.817304542999864,578,1747.36,94.9,8.6,-80.0,-0.55,1.07,-1.46,-0.11,0.84,0.0
7.828047854000033,579,1747.37,94.9,8.5,-80.1,-0.44,0.7,-1.53,-0.08,0.84,-0.01
7.838143265999861,580,1747.38,94.8,8.3,-80.2,-0.34,0.39,-1.5,-0.05,0.86,-0.02
7.848104649000106,581,1747.39,94.8,8.2,-80.2,-0.2,0.1,-1.39,-0.03,0.89,-0.04
7.85780748299976,582,1747.4,94.8,8.1,-80.2,-0.13,-0.08,-1.24,-0.01,0.92,-0.07
7.867931297999803,583,1747.41,94.7,7.9,-80.2,-0.09,-0.21,-1.11,0.01,0.93,-0.09
7.87798556000007,584,1747.42,94.7,7.8,-80.2,-0.17,-0.27,-1.03,0.02,0.94,-0.12
7.887896830000045,585,1747.43,94.7,7.7,-80.2,-0.4,-0.25,-0.97,0.03,0.94,-0.14
7.898163356999703,586,1747.44,94.7,7.6,-80.2,-0.63,-0.19,-0.92,0.03,0.94,-0.16
7.907922686999882,587,1747.45,94.6,7.5,-80.2,-0.73,-0.11,-0.83,0.03,0.94,-0.17
7.917842290999943,588,1747.46,94.5,7.5,-80.2,-0.73,-0.01,-0.72,0.02,0.93,-0.18
7.928049623999868,589,1747.47,94.4,7.4,-80.2,-0.8,0.07,-0.58,0.0,0.92,-0.19
7.93796171699978,590,1747.48,94.3,7.4,-80.2,-1.02,0.07,-0.42,-0.02,0.93,-0.19
7.947862524999891,591,1747.49,94.2,7.3,-80.2,-1.34,0.0,-0.17,-0.04,0.92,-0.18
7.958136367999941,592,1747.5,94.1,7.3,-80.2,-1.57,-0.19,0.14,-0.07,0.9,-0.17
7.96788806099994,593,1747.51,93.9,7.4,-80.2,-1.64,-0.56,0.54,-0.11,0.86,-0.14
7.977878294999755,594,1747.52,93.8,7.4,-80.1,-1.32,-1.03,0.79,-0.14,0.81,-0.12
7.987827788999766,595,1747.53,93.7,7.5,-79.9,-0.52,-1.51,0.87,-0.15,0.75,-0.11
7.998088388999804,596,1747.54,93.7,7.6,-79.8,0.62,-1.83,0.74,-0.12,0.73,-0.12
8.007943365999836,597,1747.55,93.9,7.6,-79.6,1.61,-1.9,0.55,-0.07,0.77,-0.15
8.01790165300008,598,1747.56,94.1,7.7,-79.4,2.3,-1.71,0.41,-0.01,0.83,-0.18
8.028044756999861,599,1747.57,94.4,7.7,-79.2,2.63,-1.23,0.31,0.03,0.91,-0.2
8.037947310999698,600,1747.58,94.7,7.7,-79.1,2.58,-0.67,0.25,0.08,0.98,-0.19
8.047971211999993,601,1747.59,94.9,7.7,-79.1,2.25,0.0,0.24,0.11,1.04,-0.2
8.058129884999744,602,1747.6,95.2,7.7,-79.1,1.71,0.62,0.21,0.13,1.08,-0.19
8.067861658999846,603,1747.61,95.3,7.8,-79.2,0.92,1.17,0.12,0.14,1.07,-0.2
8.07785884399982,604,1747.62,95.4,7.8,-79.3,0.33,1.53,-0.05,0.14,1.02,-0.23
8.088069283000095,605,1747.63,95.4,7.8,-79.5,0.1,1.74,-0.23,0.12,0.98,-0.26
8.098144887999752,606,1747.64,95.4,7.8,-79.7,-0.09,1.57,-0.2,0.02,0.97,-0.22
8.107889735999834,607,1747.65,95.4,7.8,-79.8,0.02,1.1,-0.12,-0.11,0.94,-0.14
8.117855964999762,608,1747.66,95.4,7.7,-79.9,1.42,-0.01,-0.58,-0.21,0.89,-0.02
8.127909233000082,609,1747.67,95.8,7.6,-79.8,4.11,-1.54,-1.31,-0.05,1.1,-0.05
8.138046688000031,610,1747.68,96.3,7.4,-79.6,5.7,-1.57,-1.73,0.02,1.28,-0.2
8.147982572999808,611,1747.69,96.9,7.2,-79.5,6.08,-0.66,-2.56,-0.07,1.36,-0.24
8.157873769999696,612,1747.7,97.4,6.9,-79.6,4.42,0.24,-3.41,-0.11,1.55,-0.14
8.16785461299969,613,1747.71,97.7,6.6,-79.7,0.98,0.9,-3.37,-0.03,1.75,-0.05
8.178145550999943,614,1747.72,97.6,6.3,-79.8,-1.16,1.21,-2.48,0.06,1.65,0.15
8.187995334999869,615,1747.73,97.4,6.1,-79.9,-1.78,0.14,-1.63,0.03,1.47,0.41
8.197839402999762,616,1747.74,97.3,6.0,-79.9,-1.27,-1.73,-1.11,-0.01,1.24,0.35
8.20804811700009,617,1747.75,97.2,5.8,-79.6,-0.88,-2.59,-0.89,0.0,1.1,0.2
8.217908470000111,618,1747.76,97.2,5.7,-79.4,-0.92,-2.97,-0.75,0.03,1.05,0.2
8.227895626999725,619,1747.77,97.1,5.6,-79.1,-1.14,-3.5,-0.54,0.03,1.0,0.27
8.238024957000107,620,1747.78,97.0,5.5,-78.7,-1.22,-4.25,-0.43,-0.01,0.91,0.29
8.248057672999948,621,1747.79,96.9,5.4,-78.2,-1.15,-4.78,-0.56,-0.08,0.84,0.25
8.257776586000091,622,1747.8,96.9,5.3,-77.7,-1.07,-5.03,-0.83,-0.11,0.83,0.13
8.267909304000113,623,1747.81,96.8,5.1,-77.3,-1.16,-4.71,-0.99,-0.08,0.86,0.0
8.277907566000067,624,1747.82,96.7,5.0,-76.9,-1.43,-3.95,-1.09,-0.04,0.89,-0.05
8.287774060999709,625,1747.83,96.6,4.8,-76.5,-1.51,-3.48,-0.95,0.04,0.96,-0.06
8.2980796009997,626,1747.84,96.4,4.7,-76.2,-1.55,-3.24,-0.58,0.13,1.02,-0.08
8.307848033000027,627,1747.85,96.3,4.7,-75.9,-1.42,-2.95,-0.29,0.21,1.0,-0.13
8.317887031999817,628,1747.86,96.2,4.6,-75.6,-1.36,-2.74,-0.06,0.28,1.0,-0.15
8.327773624999736,629,1747.87,96.0,4.6,-75.3,-1.46,-2.39,0.09,0.33,1.01,-0.17
8.337965166999766,630,1747.88,95.9,4.6,-75.1,-1.48,-2.0,0.3,0.34,1.02,-0.18
8.348028451000118,631,1747.89,95.8,4.6,-74.9,-1.31,-1.52,0.52,0.32,0.98,-0.2
8.358050534000085,632,1747.9,95.7,4.7,-74.8,-0.91,-0.99,0.82,0.28,0.96,-0.18
8.367909628999769,633,1747.91,95.6,4.8,-74.7,-0.23,-0.55,0.98,0.23,0.91,-0.16
8.377937070999906,634,1747.92,95.6,4.9,-74.7,0.33,-0.22,1.02,0.18,0.9,-0.14
8.387800800999685,635,1747.93,95.7,5.0,-74.7,0.56,0.15,0.91,0.14,0.9,-0.15
8.397943370000121,636,1747.94,95.8,5.1,-74.7,0.21,0.45,0.78,0.11,0.92,-0.15
8.407751432999703,637,1747.95,95.8,5.2,-74.7,-0.3,0.66,0.68,0.09,0.93,-0.13
8.417817948999982,638,1747.96,95.8,5.2,-74.8,-0.84,0.75,0.6,0.08,0.93,-0.13
8.428051779999805,639,1747.97,95.7,5.3,-74.9,-1.29,0.67,0.55,0.07,0.89,-0.13
8.437967218999802,640,1747.98,95.6,5.3,-74.9,-1.25,0.68,0.48,0.06,0.88,-0.14
8.447974497999894,641,1747.99,95.5,5.4,-75.0,-1.13,0.69,0.41,0.07,0.85,-0.16
8.45813542499991,642,1748.0,95.4,5.4,-75.1,-0.8,0.81,0.34,0.07,0.85,-0.17
8.467882058999749,643,1748.01,95.4,5.4,-75.1,-0.54,0.89,0.22,0.08,0.87,-0.17
8.477758693999931,644,1748.02,95.4,5.5,-75.2,-0.47,0.88,0.12,0.1,0.9,-0.16
8.487883470999805,645,1748.03,95.4,5.5,-75.3,-0.69,0.86,0.0,0.12,0.88,-0.2
8.498157757999707,646,1748.04,95.3,5.5,-75.4,-1.09,0.93,-0.19,0.13,0.86,-0.24
8.507786875999955,647,1748.05,95.1,5.5,-75.5,-1.56,0.95,-0.42,0.14,0.82,-0.26
8.517903765000028,648,1748.06,95.0,5.4,-75.6,-1.9,1.11,-0.7,0.14,0.76,-0.3
8.528013957999974,649,1748.07,94.7,5.4,-75.7,-2.08,1.33,-0.9,0.14,0.72,-0.33
8.537823389000096,650,1748.08,94.5,5.3,-75.9,-1.77,1.69,-1.03,0.14,0.71,-0.31
8.548044166999716,651,1748.09,94.4,5.2,-76.1,-0.92,1.87,-0.96,0.15,0.74,-0.27
8.557860379999966,652,1748.1,94.3,5.1,-76.3,0.28,1.84,-0.69,0.12,0.78,-0.2
8.56782115499982,653,1748.11,94.4,5.1,-76.4,1.56,1.52,-0.34,0.07,0.81,-0.16
8.578151538999919,654,1748.12,94.7,5.1,-76.6,2.55,1.15,-0.08,0.07,0.84,-0.16
8.587905622000108,655,1748.13,95.0,5.1,-76.7,2.89,1.0,0.12,0.04,0.84,-0.17
8.598089071999766,656,1748.14,95.3,5.1,-76.8,2.69,0.95,0.13,0.0,0.82,-0.17
8.60781008899994,657,1748.15,95.5,5.1,-76.9,2.53,0.87,0.12,-0.01,0.87,-0.11
8.617927559999771,658,1748.16,95.8,5.1,-76.9,2.62,0.47,0.11,-0.05,0.88,-0.04
8.627962448999824,659,1748.17,96.1,5.1,-76.9,2.94,-0.21,0.0,-0.08,0.9,-0.02
8.637793685999895,660,1748.18,96.4,5.1,-76.9,2.94,-1.04,-0.16,-0.08,0.93,-0.08
8.648061468999913,661,1748.19,96.6,5.1,-76.7,2.15,-1.43,-0.24,-0.03,0.97,-0.25
8.65790640799969,662,1748.2,96.8,5.0,-76.6,1.31,-0.84,-0.18,0.06,1.12,-0.33
8.667788065999957,663,1748.21,97.0,5.0,-76.6,1.38,-0.03,0.36,0.11,1.41,-0.26
8.67812925499993,664,1748.22,97.2,5.1,-76.6,2.65,0.1,1.62,0.02,1.67,-0.15
8.687898076999772,665,1748.23,97.5,5.3,-76.5,4.48,-0.15,3.17,-0.03,1.88,-0.11
8.697756033000132,666,1748.24,98.0,5.7,-76.5,4.13,-0.52,4.28,-0.03,1.71,-0.02
8.708002031999968,667,1748.25,98.3,6.1,-76.3,1.62,-1.86,4.5,0.16,1.61,0.14
8.7179003440001,668,1748.26,98.4,6.5,-76.0,0.13,-2.24,4.15,0.24,1.41,0.0
8.727756751000015,669,1748.27,98.4,6.9,-75.7,-0.25,-1.74,3.21,0.23,1.26,0.01
8.737966432000121,670,1748.28,98.4,7.1,-75.5,-1.13,-1.44,2.3,0.3,1.2,-0.01
8.74804631699999,671,1748.29,98.2,7.3,-75.4,-1.96,-0.22,1.88,0.35,1.09,-0.17
8.75774516599995,672,1748.3,98.0,7.5,-75.5,-2.08,1.66,1.34,0.29,0.93,-0.19
8.767909170999701,673,1748.31,97.8,7.6,-75.7,-1.79,3.05,0.93,0.22,0.94,-0.09
8.777947311999924,674,1748.32,97.6,7.8,-76.1,-1.81,4.01,0.88,0.22,0.99,0.0
8.787931508999918,675,1748.33,97.3,7.9,-76.5,-1.94,4.48,1.17,0.22,1.01,0.05
8.79785009699981,676,1748.34,97.1,8.1,-76.9,-2.01,4.69,1.47,0.2,0.94,0.02
8.807866744999956,677,1748.35,96.8,8.3,-77.4,-2.04,4.69,1.53,0.16,0.86,0.02
8.81778895799971,678,1748.36,96.5,8.5,-77.8,-1.59,4.41,1.4,0.12,0.87,0.06
8.827771585999926,679,1748.37,96.3,8.7,-78.2,-0.9,3.93,1.16,0.07,0.87,0.05
8.837943813000038,680,1748.38,96.2,8.8,-78.6,-0.31,3.37,0.74,0.0,0.89,0.07
8.847981030000028,681,1748.39,96.2,8.9,-78.9,-0.12,2.89,0.29,-0.05,0.95,0.04
8.85784621799985,682,1748.4,96.1,8.9,-79.2,-0.43,2.63,-0.01,-0.1,0.99,0.0
8.867884610999681,683,1748.41,96.0,9.0,-79.4,-0.9,2.49,-0.23,-0.14,0.98,-0.01
8.877932717000022,684,1748.42,95.8,9.0,-79.7,-1.19,2.31,-0.46,-0.15,0.92,0.0
8.887854505999712,685,1748.43,95.7,8.9,-79.9,-1.25,1.9,-0.69,-0.14,0.9,0.03
8.898161083000105,686,1748.44,95.5,8.9,-80.0,-1.23,1.32,-0.84,-0.11,0.87,0.03
8.907871905999855,687,1748.45,95.4,8.8,-80.2,-1.17,0.79,-0.91,-0.09,0.86,0.03
8.917719473000034,688,1748.46,95.3,8.7,-80.2,-1.04,0.22,-0.9,-0.06,0.85,0.03
8.9278858509997,689,1748.47,95.2,8.6,-80.2,-0.89,-0.18,-0.81,-0.04,0.86,0.0
8.937965921999876,690,1748.48,95.1,8.5,-80.2,-0.79,-0.46,-0.64,-0.02,0.87,0.0
8.947908038999685,691,1748.49,95.0,8.5,-80.1,-0.71,-0.7,-0.51,-0.02,0.88,-0.02
8.958125739000025,692,1748.5,95.0,8.4,-80.1,-0.61,-0.85,-0.45,-0.01,0.88,-0.06
8.967901605999941,693,1748.51,94.9,8.4,-80.0,-0.58,-0.92,-0.42,0.01,0.91,-0.1
8.977858496999943,694,1748.52,94.9,8.3,-79.9,-0.7,-0.89,-0.37,0.04,0.93,-0.14
8.987976512999921,695,1748.53,94.8,8.3,-79.8,-0.8,-0.72,-0.29,0.06,0.94,-0.18
8.99814037499982,696,1748.54,94.7,8.2,-79.8,-0.86,-0.51,-0.15,0.08,0.94,-0.2
9.007821552999758,697,1748.55,94.7,8.2,-79.7,-0.82,-0.32,0.01,0.08,0.93,-0.2
9.017908822999743,698,1748.56,94.6,8.2,-79.7,-0.85,-0.2,0.2,0.08,0.91,-0.19
9.028047401000094,699,1748.57,94.5,8.3,-79.7,-0.91,-0.07,0.35,0.07,0.88,-0.21
9.0378586920001,700,1748.58,94.4,8.3,-79.7,-0.94,0.02,0.43,0.05,0.85,-0.21
9.047880887999781,701,1748.59,94.3,8.4,-79.7,-0.87,0.05,0.51,0.02,0.84,-0.19
9.057856043999891,702,1748.6,94.2,8.4,-79.7,-0.72,-0.09,0.6,0.0,0.83,-0.17
9.067865750999772,703,1748.61,94.2,8.5,-79.6,-0.52,-0.35,0.72,-0.04,0.83,-0.15
9.07792048400006,704,1748.62,94.1,8.6,-79.6,-0.33,-0.76,0.83,-0.08,0.83,-0.12
9.087937562999741,705,1748.63,94.1,8.6,-79.5,-0.07,-1.15,0.89,-0.12,0.82,-0.11
9.09789008000007,706,1748.64,94.2,8.7,-79.3,0.35,-1.46,0.9,-0.14,0.82,-0.12
9.108066126999802,707,1748.65,94.3,8.8,-79.2,0.87,-1.65,0.88,-0.14,0.83,-0.14
9.117911258999811,708,1748.66,94.4,8.9,-79.0,1.25,-1.57,0.84,-0.13,0.83,-0.17
9.127828369999861,709,1748.67,94.6,8.9,-78.8,1.56,-1.38,0.72,-0.09,0.85,-0.15
9.138128641000094,710,1748.68,94.8,9.0,-78.7,1.82,-1.27,0.49,-0.03,0.87,-0.14
9.148047660999964,711,1748.69,95.0,9.0,-78.6,2.1,-1.0,0.16,0.03,0.91,-0.19
9.15781349100007,712,1748.7,95.2,9.0,-78.5,2.25,-0.41,-0.17,0.11,0.97,-0.24
9.167865209999945,713,1748.71,95.4,9.0,-78.5,1.94,0.35,-0.44,0.18,1.02,-0.27
9.178125373000057,714,1748.72,95.6,8.9,-78.6,1.58,0.92,-0.66,0.24,1.04,-0.29
9.187947725999948,715,1748.73,95.7,8.9,-78.7,1.38,1.21,-0.65,0.23,1.03,-0.31
9.19782582300013,716,1748.74,95.8,8.8,-78.8,1.21,1.26,-0.43,0.13,1.05,-0.26
9.207823652000116,717,1748.75,95.9,8.8,-78.9,1.56,0.84,-0.41,-0.02,0.99,-0.07
9.21793743499984,718,1748.76,96.2,8.7,-79.0,3.29,-0.69,-0.92,0.0,1.07,0.0
9.228048791999754,719,1748.77,96.6,8.6,-78.9,4.67,-1.3,-1.4,0.13,1.25,-0.15
9.237955107999824,720,1748.78,97.1,8.4,-78.8,4.92,-0.58,-2.28,0.07,1.3,-0.28
9.248046754999905,721,1748.79,97.6,8.1,-78.8,3.89,0.48,-3.42,-0.05,1.36,-0.2
9.257808845,722,1748.8,97.8,7.7,-79.0,1.5,1.21,-3.96,-0.11,1.55,-0.04
9.267766496999684,723,1748.81,97.8,7.3,-79.1,-0.5,1.35,-3.51,-0.08,1.58,0.17
9.278137455999968,724,1748.82,97.7,7.0,-79.3,-0.87,0.52,-2.85,-0.06,1.51,0.37
9.287833058999695,725,1748.83,97.6,6.8,-79.3,-0.7,-0.71,-2.2,-0.06,1.37,0.34
9.298140787999728,726,1748.84,97.6,6.6,-79.2,-0.67,-1.37,-1.85,-0.03,1.21,0.26
9.307915521999803,727,1748.85,97.5,6.4,-79.1,-1.08,-1.85,-1.61,0.04,1.13,0.24
9.318038933000025,728,1748.86,97.4,6.2,-78.9,-1.69,-2.46,-1.24,0.1,1.07,0.25
9.328040705999683,729,1748.87,97.2,6.1,-78.6,-1.86,-3.04,-0.87,0.07,0.96,0.27
9.337960921000104,730,1748.88,97.1,6.0,-78.3,-1.52,-3.79,-0.76,0.0,0.85,0.32
9.347864127999856,731,1748.89,97.0,5.8,-77.9,-0.72,-4.6,-1.0,-0.07,0.8,0.26
9.35781679999991,732,1748.9,97.0,5.6,-77.4,-0.52,-4.86,-1.3,-0.09,0.88,0.13
9.36788741700002,733,1748.91,97.0,5.5,-77.0,-1.55,-4.44,-1.38,-0.06,0.97,0.0
9.377860397999939,734,1748.92,96.8,5.3,-76.6,-2.47,-3.6,-1.42,-0.01,1.0,-0.08
9.38797851399977,735,1748.93,96.5,5.1,-76.3,-2.92,-3.1,-1.4,0.06,0.98,-0.05
9.398122243999751,736,1748.94,96.2,4.9,-76.0,-2.47,-2.85,-1.3,0.15,0.97,-0.07
9.40782476000004,737,1748.95,96.0,4.8,-75.7,-2.16,-2.58,-1.07,0.24,0.95,-0.1
9.41787988499982,738,1748.96,95.8,4.7,-75.5,-1.94,-2.2,-0.82,0.29,0.94,-0.14
9.428041999000015,739,1748.97,95.7,4.6,-75.3,-1.56,-1.73,-0.6,0.32,0.95,-0.14
9.437813623999773,740,1748.98,95.6,4.5,-75.2,-1.15,-1.3,-0.23,0.31,1.0,-0.13
9.447995538999749,741,1748.99,95.5,4.5,-75.1,-0.73,-1.04,0.21,0.27,1.0,-0.11
9.457740936999926,742,1749.0,95.4,4.5,-75.0,-0.22,-0.8,0.62,0.21,0.98,-0.11
9.46796496099978,743,1749.01,95.5,4.7,-74.9,0.25,-0.62,0.87,0.16,0.94,-0.09
9.478117600000132,744,1749.02,95.5,4.8,-74.8,0.57,-0.33,0.88,0.12,0.93,-0.09
9.487910938999903,745,1749.03,95.6,4.9,-74.8,0.49,-0.06,0.78,0.08,0.93,-0.08
9.498129430000063,746,1749.04,95.6,5.0,-74.8,0.27,0.1,0.67,0.07,0.92,-0.09
9.507958853999753,747,1749.05,95.6,5.0,-74.8,0.07,0.37,0.65,0.07,0.94,-0.1
9.517858108999917,748,1749.06,95.6,5.1,-74.9,-0.2,0.47,0.67,0.07,0.9,-0.1
9.528024833000018,749,1749.07,95.6,5.2,-74.9,-0.21,0.56,0.7,0.08,0.91,-0.1
9.538086644000032,750,1749.08,95.6,5.2,-74.9,-0.19,0.65,0.67,0.09,0.89,-0.15
9.547955817999991,751,1749.09,95.6,5.3,-75.0,-0.18,0.83,0.62,0.1,0.9,-0.15
9.557892349999747,752,1749.1,95.6,5.4,-75.1,-0.19,1.09,0.5,0.1,0.89,-0.18
9.567890013000124,753,1749.11,95.6,5.5,-75.2,-0.32,1.14,0.38,0.11,0.91,-0.16
9.578116557999692,754,1749.12,95.7,5.5,-75.3,-0.46,1.22,0.26,0.11,0.9,-0.19
9.587926741000047,755,1749.13,95.6,5.6,-75.4,-0.67,1.24,0.12,0.1,0.88,-0.19
9.59810407399982,756,1749.14,95.6,5.6,-75.6,-0.88,1.26,0.0,0.09,0.85,-0.21
9.608051104999959,757,1749.15,95.5,5.6,-75.7,-0.98,1.32,-0.21,0.09,0.78,-0.24
9.61786102699989,758,1749.16,95.3,5.6,-75.8,-1.08,1.36,-0.46,0.1,0.72,-0.26
9.628038190000098,759,1749.17,95.2,5.5,-76.0,-0.92,1.56,-0.76,0.11,0.68,-0.29
9.638035019999734,760,1749.18,95.1,5.4,-76.2,-0.58,1.74,-0.96,0.12,0.67,-0.27
9.64767519499992,761,1749.19,95.1,5.4,-76.3,0.12,1.9,-1.08,0.13,0.7,-0.25
9.65747218999968,762,1749.2,95.1,5.3,-76.6,1.04,1.97,-1.03,0.12,0.77,-0.21
9.66750067699968,763,1749.21,95.3,5.2,-76.7,1.91,1.78,-0.86,0.08,0.86,-0.16
9.677854199999729,764,1749.22,95.5,5.1,-76.9,2.41,1.52,-0.68,0.05,0.92,-0.15
9.687869020000107,765,1749.23,95.8,5.1,-77.1,2.46,1.28,-0.6,0.03,0.96,-0.15
9.698048358000051,766,1749.24,96.1,5.0,-77.2,2.08,1.04,-0.54,0.02,1.0,-0.14
9.707889776999764,767,1749.25,96.3,4.9,-77.3,1.55,0.91,-0.39,0.0,1.04,-0.12
9.717881488999865,768,1749.26,96.4,4.9,-77.4,1.44,0.52,-0.21,-0.05,1.07,-0.05
9.727640811000128,769,1749.27,96.5,4.8,-77.4,1.66,-0.21,0.04,-0.09,1.1,0.0
9.737965665000047,770,1749.28,96.7,4.9,-77.3,1.71,-1.27,0.39,-0.12,1.1,-0.06
9.747806756000045,771,1749.29,96.9,4.9,-77.1,1.14,-1.9,0.6,-0.12,1.02,-0.28
9.757751756999824,772,1749.3,97.0,4.9,-76.9,0.42,-1.49,0.34,-0.03,0.96,-0.44
9.767898673999753,773,1749.31,97.0,4.9,-76.8,-0.17,-0.55,0.2,0.08,1.14,-0.32
9.778049322999777,774,1749.32,97.0,5.0,-76.8,-0.38,-0.27,0.98,0.06,1.38,-0.13
9.787879090999922,775,1749.33,97.0,5.1,-76.7,0.82,-0.67,2.08,0.0,1.48,-0.04
9.798118297999736,776,1749.34,97.2,5.4,-76.6,2.76,-1.22,3.41,0.02,1.68,-0.12
9.80792316399993,777,1749.35,97.5,5.7,-76.4,2.97,-1.27,4.69,0.03,1.58,-0.17
9.817802593000124,778,1749.36,97.7,6.2,-76.2,1.64,-1.71,5.06,0.13,1.4,0.02
9.827368980999836,779,1749.37,97.9,6.6,-75.9,0.68,-2.3,4.44,0.2,1.2,0.02
9.83744313599982,780,1749.38,97.9,7.0,-75.7,0.13,-2.09,3.19,0.24,1.06,0.0
9.848057906000122,781,1749.39,98.0,7.2,-75.4,-0.14,-1.58,1.9,0.32,1.05,-0.05
9.857825661999868,782,1749.4,97.9,7.3,-75.3,-0.29,-0.54,1.14,0.42,1.04,-0.2
9.868097938000119,783,1749.41,97.9,7.4,-75.3,0.04,1.61,0.77,0.42,1.02,-0.28
9.877840078999725,784,1749.42,97.9,7.5,-75.6,0.11,3.34,0.8,0.33,1.1,-0.14
9.88785788999985,785,1749.43,97.8,7.7,-76.0,-0.43,4.58,0.9,0.23,1.12,-0.09
9.89795484699971,786,1749.44,97.7,7.8,-76.5,-1.38,5.62,1.12,0.21,1.11,0.02
9.907889278999846,787,1749.45,97.4,8.0,-77.1,-2.3,6.1,1.34,0.18,1.04,0.11
9.917889982999895,788,1749.46,97.0,8.3,-77.7,-2.83,6.19,1.49,0.16,0.93,0.11
9.928004777999831,789,1749.47,96.7,8.5,-78.3,-2.83,6.12,1.56,0.13,0.87,0.12
9.938092373000018,790,1749.48,96.3,8.7,-78.8,-2.61,5.65,1.64,0.09,0.83,0.16
9.948052991999702,791,1749.49,96.0,8.9,-79.4,-2.04,4.79,1.65,0.04,0.82,0.19
9.957919549000053,792,1749.5,95.8,9.1,-79.8,-1.21,4.0,1.36,0.0,0.79,0.12
9.967921197000123,793,1749.51,95.6,9.3,-80.1,-0.54,3.39,0.89,-0.05,0.83,0.06
9.978125764999731,794,1749.52,95.5,9.4,-80.5,-0.34,3.15,0.39,-0.11,0.89,0.0
9.987818289999723,795,1749.53,95.4,9.4,-80.8,-0.54,3.18,-0.04,-0.13,0.92,-0.03
9.997859248999703,796,1749.54,95.3,9.4,-81.1,-0.77,3.1,-0.43,-0.13,0.93,0.0
