percentile,initial_threshold,runtime_threshold,events,event_coverage_pct,short_event_gaps,long_event_gaps,belt_minima,assists,matched_assists,missed_assists,false_assists,short_assist_gaps,crossing_to_peak_ms,motor_vs_peak_ms,speed_mps
82.0,0.0762438192920373,0.07634302711510252,56,103.37046253889545,2,2,27,24,21,6,3,0,39.95194449998962,-19.951944499989622,0.4
82.0,0.1395120510243421,0.1406340296718334,66,99.75724524750399,4,0,32,32,32,0,0,0,40.039883499957796,-20.039883499957796,0.6
82.0,0.18962359538855572,0.19674671140354863,77,98.2235884397529,0,0,39,38,38,1,0,0,59.84901900001205,-39.84901900001205,0.8
82.0,0.21911194843155654,0.2231387183838805,85,101.13855832601169,0,0,42,42,41,1,1,0,60.1463219999232,-40.1463219999232,1.0
83.0,0.07731274036708806,0.07807989769427824,55,101.52456142212947,2,1,27,27,22,5,5,0,39.9401829999988,-19.940182999998797,0.4
83.0,0.14164003501389819,0.14504915000910398,65,98.24577183466302,2,0,32,32,32,0,0,0,40.039883499957796,-20.039883499957796,0.6
83.0,0.19362865633781498,0.20269247130528417,78,99.499219458451,0,0,39,39,39,0,0,0,59.815454000045065,-39.815454000045065,0.8
83.0,0.22515511998092674,0.22912604516615262,85,101.13855832601169,0,0,42,42,41,1,1,0,60.11491050003315,-40.11491050003315,1.0
84.0,0.07920478148120787,0.08036614820216992,55,101.52456142212947,3,2,27,27,23,4,4,0,39.88001700008681,-19.88001700008681,0.4
84.0,0.144127343660175,0.14982594196772164,66,99.75724524750399,4,0,32,32,32,0,0,0,39.857835000020714,-19.857835000020714,0.6
84.0,0.20069702691285443,0.20873754554111953,78,99.499219458451,0,0,39,39,39,0,0,0,59.88258399997903,-39.88258399997903,0.8
84.0,0.22929605258719177,0.23544684648500103,85,101.13855832601169,0,0,42,41,40,2,1,0,60.12895499998194,-40.12895499998194,1.0
85.0,0.08192538952319296,0.08294492582163145,55,101.52456142212947,3,1,27,27,23,4,4,0,39.88001700008681,-19.88001700008681,0.4
85.0,0.15261182632042053,0.15608297816804054,65,98.24577183466302,1,0,32,32,32,0,0,0,39.857835000020714,-19.857835000020714,0.6
85.0,0.205720364073575,0.21495424165974497,78,99.499219458451,0,0,39,39,39,0,0,0,59.96265399994627,-39.96265399994627,0.8
85.0,0.253970135664937,0.2454851083751784,85,101.13855832601169,0,0,42,41,40,2,1,0,60.061271999984456,-40.061271999984456,1.0
86.0,0.08612493342834382,0.08639265427717255,54,99.67866030536348,1,1,27,27,25,2,2,0,39.88001700008681,-19.88001700008681,0.4
86.0,0.15975822989163677,0.1639004879107115,65,98.24577183466302,1,0,32,32,32,0,0,0,31.89402750001591,-11.894027500015909,0.6
86.0,0.2113669971450933,0.2216994692952234,78,99.499219458451,0,0,39,39,39,0,0,0,51.935916000047655,-31.935916000047655,0.8
86.0,0.26298785361814714,0.2545430611489065,85,101.13855832601169,0,0,42,41,40,2,1,0,59.97061399989434,-39.97061399989434,1.0
87.0,0.0897303118599653,0.08968985409155773,54,99.67866030536348,1,1,27,27,25,2,2,0,31.292630000052668,-11.292630000052668,0.4
87.0,0.16890287422307815,0.172984729568381,65,98.24577183466302,1,0,32,32,32,0,0,0,30.910903000062717,-10.910903000062717,0.6
87.0,0.21794720457053796,0.23041992393417643,78,99.499219458451,0,0,39,39,39,0,0,0,49.5039170000382,-29.5039170000382,0.8
87.0,0.2821964220815385,0.26760517516189797,85,101.13855832601169,0,0,42,41,40,2,1,0,59.80030499995337,-39.80030499995337,1.0
88.0,0.09385084873091455,0.09299539332191174,54,99.67866030536348,0,0,27,27,26,1,1,0,31.340226000111215,-11.340226000111215,0.4
88.0,0.1836948643742169,0.18302744860326214,65,98.24577183466302,0,0,32,32,32,0,0,0,30.705272499972125,-10.705272499972125,0.6
88.0,0.2232666793682325,0.24048441584725203,78,99.499219458451,0,0,39,39,39,0,0,0,49.10809300008623,-29.108093000086228,0.8
88.0,0.30128637874080155,0.2837699275528273,85,101.13855832601169,0,0,42,42,41,1,1,0,51.92010349992415,-31.920103499924153,1.0
89.0,0.09653560914524249,0.09608089207661763,54,99.67866030536348,0,0,27,27,26,1,1,0,31.145026000103826,-11.145026000103826,0.4
89.0,0.1871176478366074,0.19415769983944198,65,98.24577183466302,0,0,32,32,32,0,0,0,29.04341399994337,-9.043413999943368,0.6
89.0,0.23472834530737446,0.25168650107217494,78,99.499219458451,0,0,39,39,39,0,0,0,40.034447000152795,-20.034447000152795,0.8
89.0,0.30808574842916436,0.2958510836757189,85,101.13855832601169,0,0,42,41,40,2,1,0,48.33788899986757,-28.337888999867573,1.0
90.0,0.10166324577981369,0.1002946045591974,54,99.67866030536348,0,0,27,27,26,1,1,0,31.06404000004659,-11.064040000046589,0.4
90.0,0.19362919158042155,0.2045461129065494,65,98.24577183466302,0,0,32,32,32,0,0,0,28.13452700002017,-8.13452700002017,0.6
90.0,0.24468725616604797,0.2651442819773195,78,99.499219458451,0,0,39,39,39,0,0,0,31.831853000085175,-11.831853000085175,0.8
90.0,0.32786317299445134,0.3159084991863418,85,101.13855832601169,0,0,42,41,40,2,1,0,39.64588899998489,-19.64588899998489,1.0
91.0,0.1058355292901792,0.10461451804289079,54,99.67866030536348,2,1,27,26,25,2,1,0,29.8596105001252,-9.8596105001252,0.4
91.0,0.20566543587924244,0.21572042443911474,65,98.24577183466302,0,0,32,32,32,0,0,0,20.22812150005393,-0.2281215000539305,0.6
91.0,0.2563245578080799,0.28134353778492344,78,99.499219458451,0,0,39,39,39,0,0,0,28.25563900000816,-8.25563900000816,0.8
91.0,0.343690656097954,0.33638599247364054,85,101.13855832601169,0,0,42,41,40,2,1,0,31.29286100011086,-11.292861000110861,1.0
92.0,0.11013609372624446,0.10959825821911111,53,97.83275918859748,0,1,27,26,25,2,1,0,27.788886000053026,-7.788886000053026,0.4
92.0,0.21294248787038744,0.2273280753819902,65,98.24577183466302,0,0,32,32,32,0,0,0,20.076286500056995,-0.07628650005699456,0.6
92.0,0.26772945683065424,0.30456674208571566,78,99.499219458451,0,0,39,39,39,0,0,0,26.53214600013598,-6.532146000135981,0.8
92.0,0.35311000606090137,0.3611282247460447,85,101.13855832601169,0,0,42,43,42,0,1,0,28.300597999987076,-8.300597999987076,1.0
93.0,0.1171316958984032,0.11626049959184462,52,95.98685807183149,0,2,27,25,25,2,0,0,20.198254999968412,-0.19825499996841245,0.4
93.0,0.21948145096615798,0.24076194758833555,65,98.24577183466302,0,0,32,32,32,0,0,0,20.076286500056995,-0.07628650005699456,0.6
93.0,0.27679053192596215,0.3361332776226468,78,99.499219458451,0,0,39,39,39,0,0,0,20.1411170000938,-0.14111700009380002,0.8
93.0,0.36169052873836693,0.3822228521842418,85,101.13855832601169,0,0,42,43,42,0,1,0,20.978345000003173,-0.9783450000031735,1.0
94.0,0.12226071093281222,0.12358708455424758,52,95.98685807183149,0,2,27,25,25,2,0,0,20.198254999968412,-0.19825499996841245,0.4
94.0,0.23697428841682494,0.25493189909028774,63,95.22282500898108,0,2,32,31,31,1,0,0,19.964607000019896,0.03539299998010392,0.6
94.0,0.2916588292773977,0.3650441855209449,78,99.499219458451,0,0,39,39,39,0,0,0,20.03865400001814,-0.03865400001814123,0.8
94.0,0.3857167617637809,0.40830706621566953,83,98.75882754187025,0,2,42,43,42,0,1,0,20.09933199997249,-0.09933199997249176,1.0
95.0,0.13316000315173288,0.1337237942750736,51,94.1409569550655,0,3,27,24,24,3,0,0,19.99733100001322,0.002668999986781273,0.4
95.0,0.24845542014744126,0.27604099272834504,62,93.7113515961401,0,3,32,31,31,1,0,0,11.647623000044405,8.352376999955595,0.6
95.0,0.3131432872704189,0.40222895338407244,77,98.2235884397529,0,1,39,39,39,0,0,0,19.865635000087423,0.13436499991257733,0.8
95.0,0.42552296884701524,0.4474733100514113,80,95.18923136565806,0,5,42,43,42,0,1,0,19.883200999856854,0.11679900014314626,1.0
96.0,0.14181580249908066,0.14398275892193302,50,92.29505583829952,0,4,27,23,23,4,0,0,19.875247999834755,0.12475200016524468,0.4
96.0,0.2644624881267793,0.2997312434929626,59,89.1769313576172,0,6,32,31,31,1,0,0,11.113213000044198,8.886786999955802,0.6
96.0,0.3218093835177589,0.43400943911377665,75,95.67232640235673,0,3,39,39,39,0,0,0,11.970503999918947,8.029496000081053,0.8
96.0,0.44246746105121937,0.48637823401009483,71,84.48044283702153,0,14,42,43,42,0,1,0,19.65629699998317,0.34370300001683063,1.0
97.0,0.16944680154616845,0.1606748721572402,44,81.21964913770357,0,8,27,19,19,8,0,0,19.688072000008106,0.31192799999189447,0.4
97.0,0.2862292401385686,0.32536436460997464,50,75.57367064204847,0,13,32,26,26,6,0,0,10.991564000050857,9.008435999949143,0.6
97.0,0.3308202506063034,0.46961822324659946,70,89.29417130886628,0,7,39,38,38,1,0,0,10.927164000008815,9.072835999991185,0.8
97.0,0.46271656791796234,0.5400477756731827,59,70.20205813217282,0,24,42,42,42,0,0,0,11.466987999938283,8.533012000061717,1.0
98.0,0.1874769631576021,0.17836321585084458,38,70.14424243710764,0,10,27,16,16,11,0,0,8.757563500012111,11.242436499987889,0.4
98.0,0.3235990627682944,0.3524107856222628,37,55.92451627511587,0,15,32,20,20,12,0,0,8.90123500005302,11.09876499994698,0.6
98.0,0.34792491961407435,0.5033429152345812,62,79.08912315928156,0,14,39,38,38,1,0,0,8.827973000165912,11.172026999834088,0.8
98.0,0.5563624024733609,0.6396629621063165,49,58.30340421146556,0,32,42,0,0,42,0,0,nan,nan,1.0
99.0,0.22549032689477602,0.2102967292009904,25,46.14752791914976,0,13,27,10,10,17,0,0,8.757563500012111,11.242436499987889,0.4
99.0,0.3480243597708521,0.387077974769135,28,42.32125555954715,0,15,32,15,15,17,0,0,8.404982000001837,11.595017999998163,0.6
99.0,0.3707480968859431,0.5574600569153584,51,65.05718195360258,0,17,39,33,33,6,0,0,8.352807999926881,11.647192000073119,0.8
99.0,0.6631064702231038,0.7257382866751328,36,42.83515411454613,0,30,42,1,1,41,0,0,0.0,20.0,1.0
