stride_id,timestamp,gait_cluster,cluster_confidence,ood,ood_engaged,d_patient,d_healthy,d_target,healthy_region_threshold,manifold_deviation,delta_healthy,estimated_swing_time,estimated_stance_time,estimated_stride_time,estimated_swing_ratio,estimated_stance_ratio,estimated_swing_stance_ratio,phase_source,swing_symmetry_ratio,stance_symmetry_ratio,swing_stance_symmetry_ratio,belt_excursion,peak_belt_velocity,trunk_acc_rms,trunk_gyro_rms,swing_ratio_error,belt_excursion_error,temporal_symmetry_error,trunk_error,biomechanical_deviation,reference_source,decision_state,raw_assist_gain,assist_gain,target_belt_length,motor_position,motor_velocity,motor_current
16,25.160259341000028,S0,1.0,0,0,0.6722122025802554,0.6417563916262805,0.6417563916262805,0.8562813681631302,0.0,0.0018285747780705242,0.5357436029999008,0.8039629100001129,1.3397065130000136,0.3998962442902562,0.6001037557097438,0.6663785061923136,belt_cycle,,,,146.3,686.6,0.183919147958381,1.2911427990434987,0.0,0.0,,0.0,0.0,healthy_reference:0p8,IN_RANGE,0.0,0.0,-128.09166213529025,-0.73,3.18,1.54
17,26.491197502999967,S0,1.0,0,0,0.7763580972875667,0.6390396875274872,0.6390396875274872,0.8562813681631302,0.0,0.004545278876863845,0.528789536999966,0.8021486249999725,1.3309381619999385,0.3973058644628378,0.6026941355371622,0.6592164101758375,belt_cycle,,,,125.5,619.8,0.16629694342439139,1.6822347264286892,0.0,0.0,,0.0,0.0,healthy_reference:0p8,IN_RANGE,0.0,0.0,-128.09166213529025,-0.71,6.37,1.5
18,27.91153705800002,S0,1.0,0,0,0.5824365647692461,0.3984695103870677,0.3984695103870677,0.8562813681631302,0.0,0.24511545601728335,0.5409051120000186,0.8794344430000365,1.420339555000055,0.38082802812599104,0.619171971874009,0.6150601859017661,belt_cycle,,,,136.2,655.9,0.18351714320086177,1.424095555947871,0.0,0.0,,0.0,0.0,healthy_reference:0p8,IN_RANGE,0.0,0.0,-128.09166213529025,-0.69,3.0,1.73
19,29.26029854100011,S0,1.0,0,0,0.6556732646063123,0.5158434022674953,0.5158434022674953,0.8562813681631302,0.0,0.12774156413685578,0.5684064580000268,0.7803550250000626,1.3487614830000894,0.42142844762715476,0.5785715523728452,0.7283946918903753,belt_cycle,,,,140.60000000000002,684.4,0.18543233642621282,1.615406287341802,0.0,0.0,,0.0,0.0,healthy_reference:0p8,IN_RANGE,0.0,0.0,-128.09166213529025,-0.68,2.17,1.64
20,30.600177078000115,S0,1.0,0,0,0.44506684230539956,0.2926471942061805,0.2926471942061805,0.8562813681631302,0.0,0.3509377721981705,0.5401885359999596,0.7996900010000445,1.3398785370000041,0.4031623173914293,0.5968376826085707,0.675497424407498,belt_cycle,,,,129.3,634.1,0.1665531886521434,1.6053844427696702,0.0,0.0,,0.0,0.0,healthy_reference:0p8,IN_RANGE,0.0,0.0,-128.09166213529025,-0.59,10.43,0.0
21,31.931621291000056,S0,1.0,0,0,0.5942724822456297,0.5026139316674954,0.5026139316674954,0.8562813681631302,0.0,0.14097103473685568,0.5287434589999975,0.8027007539999431,1.3314442129999406,0.3971202502045958,0.6028797497954043,0.6587055716158391,belt_cycle,,,,147.9,716.5,0.17797375771950968,1.589689339153239,0.0,0.0,,0.0,0.0,healthy_reference:0p8,IN_RANGE,0.0,0.0,-128.09166213529025,-0.53,7.93,1.36
22,33.260315452999976,S0,1.0,0,0,0.8182217788718278,0.7033770573652471,0.7033770573652471,0.8562813681631302,0.0,-0.059792090960896105,0.5397731460000159,0.7889210159999038,1.3286941619999197,0.40624333382150324,0.5937566661784968,0.6841916174788297,belt_cycle,,,,121.80000000000001,652.8,0.209829553842463,1.4488762517196414,0.0,0.0,,0.008859868205997158,0.0,healthy_reference:0p8,IN_RANGE,0.0,0.0,-128.09166213529025,-0.63,3.7,1.68
23,34.5718070800001,S0,1.0,0,0,0.5818709942694605,0.5123300564874245,0.5123300564874245,0.8562813681631302,0.0,0.13125490991692657,0.5355559829999947,0.7759356440001284,1.3114916270001231,0.4083563874708172,0.5916436125291828,0.6902067035341737,belt_cycle,,,,131.89999999999998,659.3,0.17058339706301615,1.7148045039362365,0.0,0.0,,0.0,0.0,healthy_reference:0p8,IN_RANGE,0.0,0.0,-128.09166213529025,-0.51,10.16,1.8
24,35.90044188599995,S0,1.0,0,0,0.7829722495639968,0.7282575292289352,0.7282575292289352,0.8562813681631302,0.0,-0.08467256282458413,0.5287306479999643,0.7999041579998902,1.3286348059998545,0.3979503213466336,0.6020496786533664,0.660992498553854,belt_cycle,,,,107.0,553.0,0.1825648611583276,1.582953912477085,0.0,0.06631762652705056,,0.0,0.04642233856893539,healthy_reference:0p8,BIOMECH_DEFICIT_ONLY,0.01856893542757416,0.0,-128.09166213529025,-0.7,2.77,1.78
25,37.27175752400012,S0,1.0,0,0,0.8495590717437967,0.6806065092927026,0.6806065092927026,0.8562813681631302,0.0,-0.03702154288835158,0.5313047649999589,0.8400108730002103,1.3713156380001692,0.3874416292479364,0.6125583707520635,0.6324974855412686,belt_cycle,,,,125.39999999999999,639.4,0.21487460728154228,1.448385857263905,0.0,0.0,,0.19198112164798925,0.0,healthy_reference:0p8,IN_RANGE,0.0,0.0,-128.09166213529025,-0.54,17.76,0.21
26,38.600411884000096,OOD,1.0,1,0,0.9739388427201882,0.8596152582683456,0.8596152582683456,0.8562813681631302,0.01432260333529585,-0.21603029186399458,0.5517302069999914,0.7769241529999817,1.3286543599999732,0.4152548801330111,0.584745119866989,0.7101468075996401,belt_cycle,,,,155.1,711.0,0.17418112271681707,1.532643478536014,0.0,0.0,,0.0,0.0,healthy_reference:0p8,MANIFOLD_DEVIATION_ONLY,0.0,0.0,-128.09166213529025,-0.53,17.74,0.06
27,39.93239294,OOD,1.0,1,0,1.02645594512319,0.9597701927402645,0.9597701927402645,0.8562813681631302,0.44459455389232827,-0.3161852263359135,0.5317999029998646,0.8001811530000396,1.3319810559999041,0.39925485471762057,0.6007451452823794,0.6645993860340751,belt_cycle,,,,160.5,734.8,0.18637363947345714,1.4276295391599894,0.0,0.0,,0.0,0.0,healthy_reference:0p8,MANIFOLD_DEVIATION_ONLY,0.0,0.0,-128.09166213529025,-0.46,4.01,1.82
28,41.28025104100016,S0,1.0,0,0,0.6007963921371624,0.4196755592518351,0.4196755592518351,0.8562813681631302,0.0,0.22390940715251595,0.5398088470001312,0.8080492540000321,1.3478581010001633,0.40049382542537076,0.5995061745746292,0.668039533887262,belt_cycle,,,,128.8,632.7,0.1903667577939748,1.4242712241426851,0.0,0.0,,0.0,0.0,healthy_reference:0p8,IN_RANGE,0.0,0.0,-128.09166213529025,-0.51,3.89,2.06
29,42.61193920200003,S0,1.0,0,0,0.8047277502067876,0.7293272963110664,0.7293272963110664,0.8562813681631302,0.0,-0.08574232990671538,0.5402000490000773,0.7914881119997901,1.3316881609998674,0.4056505605595236,0.5943494394404764,0.6825118922319588,belt_cycle,,,,142.6,696.3,0.1770760771631987,1.4681572539350296,0.0,0.0,,0.0,0.0,healthy_reference:0p8,IN_RANGE,0.0,0.0,-128.09166213529025,-0.28,18.47,-0.16
30,43.96048325300012,OOD,1.0,1,0,1.0037869155050387,0.9427812292341209,0.9427812292341209,0.8562813681631302,0.37160888918920587,-0.29919626282976985,0.5401393919999009,0.808404659000189,1.34854405100009,0.40053522285707294,0.5994647771429271,0.668154724229236,belt_cycle,,,,164.2,717.5,0.18490368685609626,1.3864508827505035,0.0,0.0,,0.0,0.0,healthy_reference:0p8,MANIFOLD_DEVIATION_ONLY,0.0,0.0,-128.09166213529025,-0.31,8.27,1.36
31,45.30028022300007,S0,1.0,0,0,0.5157312757380558,0.5116311254144653,0.5116311254144653,0.8562813681631302,0.0,0.13195384098988572,0.5399427369998193,0.7998542330001328,1.3397969699999521,0.4030034020750462,0.5969965979249539,0.6750514215253639,belt_cycle,,,,117.7,597.1,0.17040970245727843,1.5018841365555982,0.0,0.0,,0.0,0.0,healthy_reference:0p8,IN_RANGE,0.0,0.0,-128.09166213529025,-0.52,4.91,1.87
32,46.620479052000064,S0,1.0,0,0,0.3833986867304037,0.2554822555508657,0.2554822555508657,0.8562813681631302,0.0,0.38810271085348536,0.5280553389998204,0.7921434900001714,1.3201988289999917,0.39998167503284743,0.6000183249671526,0.6666157655347343,belt_cycle,,,,128.5,634.3,0.1701648140634389,1.4932199647593627,0.0,0.0,,0.0,0.0,healthy_reference:0p8,IN_RANGE,0.0,0.0,-128.09166213529025,-0.55,4.03,1.77
33,48.00047557300013,S0,1.0,0,0,0.8670816026240221,0.6816957315274743,0.6816957315274743,0.8562813681631302,0.0,-0.03811076512312328,0.5322057860000697,0.8477907349999967,1.3799965210000664,0.38565733891443926,0.6143426610855607,0.6277560770938029,belt_cycle,,,,135.4,645.4,0.20184294379794684,1.4405015472257023,0.0,0.0,,0.0,0.0,healthy_reference:0p8,IN_RANGE,0.0,0.0,-128.09166213529025,-0.54,2.63,1.74
34,49.36050607300013,OOD,1.0,1,0,0.9960158630165387,0.8187351015545106,0.8187351015545106,0.8562813681631302,0.0,-0.17515013515015954,0.548005491999902,0.8120250080000986,1.3600305000000006,0.4029361782694592,0.5970638217305407,0.6748628263919619,belt_cycle,,,,145.1,703.9,0.20327409846046596,1.6276818484130922,0.0,0.0,,0.0,0.0,healthy_reference:0p8,IN_RANGE,0.0,0.0,-128.09166213529025,-0.46,3.6,1.76
35,50.68063845400002,OOD,1.0,1,0,0.9448741168465115,0.9334881124935547,0.9334881124935547,0.8562813681631302,0.33168507028002636,-0.28990314608920364,0.5398529909998615,0.7802793900000253,1.3201323809998868,0.40893852674908954,0.5910614732509104,0.6918713962185314,belt_cycle,,,,134.89999999999998,682.3,0.1402916230994921,1.8048621134572291,0.0,0.0,,0.0,0.0,healthy_reference:0p8,MANIFOLD_DEVIATION_ONLY,0.0,0.0,-128.09166213529025,-0.49,3.32,1.53
36,52.07253654200008,S0,1.0,0,0,0.7204839178730713,0.5770673192966308,0.5770673192966308,0.8562813681631302,0.0,0.06651764710772023,0.5285493589999604,0.8633487290001014,1.3918980880000618,0.37973280052378156,0.6202671994762184,0.6122084173473061,belt_cycle,,,,143.0,672.4,0.19554211724188308,1.4855763048873614,0.010952276022094809,0.0,,0.0,0.0032856828066284427,healthy_reference:0p8,BIOMECH_DEFICIT_ONLY,0.0013142731226513773,0.0,-128.09166213529025,-0.42,10.13,-0.05
37,53.43258719599999,S0,1.0,0,0,0.8560313967689703,0.7131553198681923,0.7131553198681923,0.8562813681631302,0.0,-0.06957035346384122,0.5477864760000557,0.8122641779998574,1.360050653999913,0.4027691721547385,0.5972308278452615,0.6743944776057228,belt_cycle,,,,146.0,685.1,0.20471694510362337,1.6618479300227529,0.0,0.0,,0.0,0.0,healthy_reference:0p8,IN_RANGE,0.0,0.0,-128.09166213529025,-0.52,3.5,1.85
38,54.75235143100008,S0,1.0,0,0,0.7267304661987172,0.7267051669364295,0.7267051669364295,0.8562813681631302,0.0,-0.08312020053207847,0.5485873719999361,0.7711768630001501,1.3197642350000862,0.4156707368266426,0.5843292631733574,0.711363888519344,belt_cycle,,,,133.89999999999998,678.5,0.16401353255171602,1.9510553263337072,0.0,0.0,,0.0,0.0,healthy_reference:0p8,IN_RANGE,0.0,0.0,-128.09166213529025,-0.54,8.22,1.64
39,56.102824560000045,S0,1.0,0,0,0.5184267959107849,0.45043812497654584,0.45043812497654584,0.8562813681631302,0.0,0.1931468414278052,0.5306275059999734,0.819845622999992,1.3504731289999654,0.39291970688295497,0.607080293117045,0.6472285648830971,belt_cycle,,,,122.2,613.6,0.19148192092358615,1.6115641256251592,0.0,0.0,,0.0,0.0,healthy_reference:0p8,IN_RANGE,0.0,0.0,-128.09166213529025,-0.58,6.97,1.67
40,57.53255929900001,S0,1.0,0,0,0.8435943343422566,0.7144573320794699,0.7144573320794699,0.8562813681631302,0.0,-0.0708723656751189,0.5441419860001133,0.8855927529998553,1.4297347389999686,0.3805894696107858,0.6194105303892142,0.6144381648979034,belt_cycle,,,,135.3,662.0,0.2095854614298004,1.5531924004033815,0.0023855851520521165,0.0,,0.0,0.000715675545615635,healthy_reference:0p8,BIOMECH_DEFICIT_ONLY,0.000286270218246254,0.0,-128.09166213529025,-0.64,4.04,1.84
41,58.81186108300017,S0,1.0,0,0,0.6534371131968113,0.6690752771524133,0.6690752771524133,1.408510704557446,0.0,-0.025490310748062295,0.5705269560000943,0.7087748280000596,1.279301784000154,0.44596745125779147,0.5540325487422085,0.8049481068761182,belt_cycle,,,,132.6,657.1,0.1943708918123216,1.638835527333417,0.0,0.0,,0.0,0.0,healthy_reference:1p0,IN_RANGE,0.0,0.0,-128.09166213529025,-0.56,5.21,1.53
