t_s,timestamp,state,phase,phase_progress,belt_length,belt_velocity,target_belt_length,profile,assist_gain,force_n,assist_force_n,impedance_force_n,current_a,saturated,faults
0.0204,58.5900,INIT,STANCE,,-97.500,-0.200,-97.500,0.0000,0.0000,0.0003,0.0000,0.0003,0.0000,1,
0.0285,58.6000,INIT,STANCE,,-97.500,0.100,-97.500,0.0000,0.0000,-0.0002,0.0000,-0.0002,0.0000,0,
0.0405,58.6100,INIT,STANCE,,-97.500,-0.100,-97.500,0.0000,0.0000,0.0002,0.0000,0.0002,0.0000,1,
0.0486,58.6200,INIT,STANCE,,-97.500,0.100,-97.500,0.0000,0.0000,-0.0002,0.0000,-0.0002,0.0000,0,
0.0605,58.6300,INIT,STANCE,,-97.500,-0.400,-97.500,0.0000,0.0000,0.0006,0.0000,0.0006,0.0000,1,
0.0686,58.6400,INIT,STANCE,,-97.500,0.100,-97.500,0.0000,0.0000,-0.0002,0.0000,-0.0002,0.0000,0,
0.0805,58.6500,INIT,STANCE,,-97.500,0.000,-97.500,0.0000,0.0000,0.0000,0.0000,0.0000,0.0000,0,
0.0886,58.6600,INIT,STANCE,,-97.500,0.000,-97.500,0.0000,0.0000,0.0000,0.0000,0.0000,0.0000,0,
0.1006,58.6700,INIT,STANCE,,-97.500,0.000,-97.500,0.0000,0.0000,0.0000,0.0000,0.0000,0.0000,0,
0.1086,58.6800,INIT,STANCE,,-97.500,-0.100,-97.500,0.0000,0.0000,0.0002,0.0000,0.0002,0.0000,1,
0.1206,58.6900,INIT,STANCE,,-97.500,0.300,-97.500,0.0000,0.0000,-0.0004,0.0000,-0.0004,0.0000,0,
0.1286,58.7000,INIT,STANCE,,-97.500,-0.400,-97.500,0.0000,0.0000,0.0006,0.0000,0.0006,0.0000,1,
0.1405,58.7100,INIT,STANCE,,-97.500,0.200,-97.500,0.0000,0.0000,-0.0003,0.0000,-0.0003,0.0000,0,
0.1486,58.7200,INIT,STANCE,,-97.500,0.000,-97.500,0.0000,0.0000,0.0000,0.0000,0.0000,0.0000,0,
0.1606,58.7300,INIT,STANCE,,-97.500,0.100,-97.500,0.0000,0.0000,-0.0002,0.0000,-0.0002,0.0000,0,
0.1686,58.7400,INIT,STANCE,,-97.500,-0.200,-97.500,0.0000,0.0000,0.0003,0.0000,0.0003,0.0000,1,
0.1805,58.7500,INIT,STANCE,,-97.500,0.000,-97.500,0.0000,0.0000,0.0000,0.0000,0.0000,0.0000,0,
0.1886,58.7600,INIT,STANCE,,-97.500,0.000,-97.500,0.0000,0.0000,0.0000,0.0000,0.0000,0.0000,0,
0.2005,58.7700,INIT,STANCE,,-97.500,0.000,-97.500,0.0000,0.0000,0.0000,0.0000,0.0000,0.0000,0,
0.2086,58.7800,INIT,STANCE,,-97.500,0.000,-97.500,0.0000,0.0000,0.0000,0.0000,0.0000,0.0000,0,
0.2205,58.7900,INIT,STANCE,,-97.500,0.100,-97.500,0.0000,0.0000,-0.0002,0.0000,-0.0002,0.0000,0,
0.2286,58.8000,INIT,STANCE,,-97.500,0.000,-97.500,0.0000,0.0000,0.0000,0.0000,0.0000,0.0000,0,
0.2406,58.8100,INIT,STANCE,,-97.500,0.000,-97.500,0.0000,0.0000,0.0000,0.0000,0.0000,0.0000,0,
0.2486,58.8200,INIT,STANCE,,-97.500,0.000,-97.500,0.0000,0.0000,0.0000,0.0000,0.0000,0.0000,0,
0.2605,58.8300,INIT,STANCE,,-97.500,-0.200,-97.500,0.0000,0.0000,0.0003,0.0000,0.0003,0.0000,1,
0.2686,58.8400,INIT,STANCE,,-97.500,0.100,-97.500,0.0000,0.0000,-0.0002,0.0000,-0.0002,0.0000,0,
0.2806,58.8500,INIT,STANCE,,-97.500,-0.200,-97.500,0.0000,0.0000,0.0003,0.0000,0.0003,0.0000,1,
0.2886,58.8600,INIT,STANCE,,-97.500,-0.200,-97.500,0.0000,0.0000,0.0003,0.0000,0.0003,0.0000,1,
0.3006,58.8700,INIT,STANCE,,-97.500,-0.100,-97.500,0.0000,0.0000,0.0002,0.0000,0.0002,0.0000,1,
0.3086,58.8800,INIT,STANCE,,-97.500,-0.300,-97.500,0.0000,0.0000,0.0004,0.0000,0.0004,0.0000,1,
0.3205,58.8900,INIT,STANCE,,-97.500,-0.500,-97.500,0.0000,0.0000,0.0008,0.0000,0.0008,0.0000,1,
0.3286,58.9000,INIT,STANCE,,-97.500,-0.700,-97.500,0.0000,0.0000,0.0010,0.0000,0.0010,0.0000,1,
0.3406,58.9100,INIT,STANCE,,-97.500,-0.100,-97.500,0.0000,0.0000,0.0002,0.0000,0.0002,0.0000,1,
0.3486,58.9200,INIT,STANCE,,-97.500,0.200,-97.500,0.0000,0.0000,-0.0003,0.0000,-0.0003,0.0000,0,
0.3606,58.9300,INIT,STANCE,,-97.500,-0.700,-97.500,0.0000,0.0000,0.0010,0.0000,0.0010,0.0000,1,
0.3686,58.9400,INIT,STANCE,,-97.500,-0.500,-97.500,0.0000,0.0000,0.0008,0.0000,0.0008,0.0000,1,
0.3805,58.9500,INIT,STANCE,,-97.500,-0.900,-97.500,0.0000,0.0000,0.0014,0.0000,0.0014,0.0000,1,
0.3885,58.9600,INIT,STANCE,,-97.500,-0.300,-97.500,0.0000,0.0000,0.0004,0.0000,0.0004,0.0000,1,
0.4004,58.9700,INIT,STANCE,,-97.500,0.000,-97.500,0.0000,0.0000,0.0000,0.0000,0.0000,0.0000,0,
0.4086,58.9800,INIT,STANCE,,-97.500,-0.500,-97.500,0.0000,0.0000,0.0008,0.0000,0.0008,0.0000,1,
0.4206,58.9900,INIT,STANCE,,-97.600,-1.600,-97.600,0.0000,0.0000,0.0024,0.0000,0.0024,0.0000,1,
0.4406,59.0000,INIT,STANCE,,-97.600,-3.800,-97.600,0.0000,0.0000,0.0057,0.0000,0.0057,0.0000,1,
0.4486,59.0100,INIT,STANCE,,-97.700,-3.700,-97.700,0.0000,0.0000,0.0056,0.0000,0.0056,0.0000,1,
0.4606,59.0200,INIT,STANCE,,-97.700,-2.500,-97.700,0.0000,0.0000,0.0037,0.0000,0.0037,0.0000,1,
0.4685,59.0300,INIT,STANCE,,-97.700,-1.400,-97.700,0.0000,0.0000,0.0021,0.0000,0.0021,0.0000,1,
0.4806,59.0400,INIT,STANCE,,-97.700,-2.400,-97.700,0.0000,0.0000,0.0036,0.0000,0.0036,0.0000,1,
0.4886,59.0500,INIT,STANCE,,-97.800,-3.700,-97.800,0.0000,0.0000,0.0056,0.0000,0.0056,0.0000,1,
0.5007,59.0600,INIT,STANCE,,-97.800,-7.800,-97.800,0.0000,0.0000,0.0117,0.0000,0.0117,0.0000,1,
0.5086,59.0700,INIT,STANCE,,-97.900,-14.400,-97.900,0.0000,0.0000,0.0216,0.0000,0.0216,0.0000,1,
0.5206,59.0800,INIT,STANCE,,-98.100,-16.700,-98.100,0.0000,0.0000,0.0250,0.0000,0.0250,0.0000,1,
0.5286,59.0900,INIT,STANCE,,-98.200,-12.800,-98.200,0.0000,0.0000,0.0192,0.0000,0.0192,0.0000,1,
0.5406,59.1000,INIT,STANCE,,-98.400,-13.400,-98.400,0.0000,0.0000,0.0201,0.0000,0.0201,0.0000,1,
0.5486,59.1100,INIT,STANCE,,-98.500,-15.500,-98.500,0.0000,0.0000,0.0232,0.0000,0.0232,0.0000,1,
0.5606,59.1200,INIT,STANCE,,-98.700,-13.500,-98.700,0.0000,0.0000,0.0203,0.0000,0.0203,0.0000,1,
0.5686,59.1300,INIT,STANCE,,-98.800,-13.000,-98.800,0.0000,0.0000,0.0195,0.0000,0.0195,0.0000,1,
0.5806,59.1400,INIT,STANCE,,-98.900,-13.000,-98.900,0.0000,0.0000,0.0195,0.0000,0.0195,0.0000,1,
0.5886,59.1500,INIT,STANCE,,-99.100,-11.800,-99.100,0.0000,0.0000,0.0177,0.0000,0.0177,0.0000,1,
0.6007,59.1600,INIT,STANCE,,-99.200,-11.000,-99.200,0.0000,0.0000,0.0165,0.0000,0.0165,0.0000,1,
0.6086,59.1700,INIT,STANCE,,-99.300,-14.600,-99.300,0.0000,0.0000,0.0219,0.0000,0.0219,0.0000,1,
0.6207,59.1800,INIT,STANCE,,-99.500,-16.800,-99.500,0.0000,0.0000,0.0252,0.0000,0.0252,0.0000,1,
0.6287,59.1900,INIT,STANCE,,-99.600,-18.100,-99.600,0.0000,0.0000,0.0272,0.0000,0.0272,0.0000,1,
0.6407,59.2000,INIT,STANCE,,-99.800,-18.500,-99.800,0.0000,0.0000,0.0278,0.0000,0.0278,0.0000,1,
0.6487,59.2100,INIT,STANCE,,-100.000,-21.900,-100.000,0.0000,0.0000,0.0328,0.0000,0.0328,0.0000,1,
0.6607,59.2200,INIT,STANCE,,-100.300,-26.900,-100.300,0.0000,0.0000,0.0403,0.0000,0.0403,0.0000,1,
0.6686,59.2300,INIT,STANCE,,-100.600,-29.200,-100.600,0.0000,0.0000,0.0438,0.0000,0.0438,0.0000,1,
0.6807,59.2400,INIT,STANCE,,-100.900,-27.500,-100.900,0.0000,0.0000,0.0413,0.0000,0.0413,0.0000,1,
0.6886,59.2500,INIT,STANCE,,-101.100,-24.200,-101.100,0.0000,0.0000,0.0363,0.0000,0.0363,0.0000,1,
0.7006,59.2600,INIT,STANCE,,-101.300,-18.900,-101.300,0.0000,0.0000,0.0283,0.0000,0.0283,0.0000,1,
0.7087,59.2700,INIT,STANCE,,-101.500,-16.700,-101.500,0.0000,0.0000,0.0250,0.0000,0.0250,0.0000,1,
0.7206,59.2800,INIT,STANCE,,-101.700,-16.800,-101.700,0.0000,0.0000,0.0252,0.0000,0.0252,0.0000,1,
0.7287,59.2900,INIT,STANCE,,-101.800,-12.800,-101.800,0.0000,0.0000,0.0192,0.0000,0.0192,0.0000,1,
0.7407,59.3000,INIT,STANCE,,-101.900,-12.000,-101.900,0.0000,0.0000,0.0180,0.0000,0.0180,0.0000,1,
0.7487,59.3100,INIT,STANCE,,-102.000,-10.500,-102.000,0.0000,0.0000,0.0158,0.0000,0.0158,0.0000,1,
0.7606,59.3200,INIT,STANCE,,-102.100,-6.300,-102.100,0.0000,0.0000,0.0095,0.0000,0.0095,0.0000,1,
0.7687,59.3300,INIT,STANCE,,-102.200,-1.600,-102.200,0.0000,0.0000,0.0024,0.0000,0.0024,0.0000,1,
0.7807,59.3400,INIT,STANCE,,-102.200,-0.300,-102.200,0.0000,0.0000,0.0004,0.0000,0.0004,0.0000,1,
0.7887,59.3500,INIT,STANCE,,-102.200,-0.300,-102.200,0.0000,0.0000,0.0004,0.0000,0.0004,0.0000,1,
0.8007,59.3600,INIT,STANCE,,-102.200,0.000,-102.200,0.0000,0.0000,0.0000,0.0000,0.0000,0.0000,0,
0.8087,59.3700,INIT,STANCE,,-102.200,-0.100,-102.200,0.0000,0.0000,0.0002,0.0000,0.0002,0.0000,1,
0.8207,59.3800,INIT,STANCE,,-102.200,0.000,-102.200,0.0000,0.0000,0.0000,0.0000,0.0000,0.0000,0,
0.8286,59.3900,INIT,STANCE,,-102.200,0.200,-102.200,0.0000,0.0000,-0.0003,0.0000,-0.0003,0.0000,0,
0.8407,59.4000,INIT,STANCE,,-102.200,-0.100,-102.200,0.0000,0.0000,0.0002,0.0000,0.0002,0.0000,1,
0.8486,59.4100,INIT,STANCE,,-102.200,0.000,-102.200,0.0000,0.0000,0.0000,0.0000,0.0000,0.0000,0,
0.8647,59.4200,INIT,STANCE,,-102.200,0.100,-102.200,0.0000,0.0000,-0.0002,0.0000,-0.0002,0.0000,0,
0.8727,59.4300,INIT,STANCE,,-102.200,-0.100,-102.200,0.0000,0.0000,0.0002,0.0000,0.0002,0.0000,1,
0.8846,59.4400,INIT,STANCE,,-102.200,0.100,-102.200,0.0000,0.0000,-0.0002,0.0000,-0.0002,0.0000,0,
0.8925,59.4500,INIT,STANCE,,-102.200,0.000,-102.200,0.0000,0.0000,0.0000,0.0000,0.0000,0.0000,0,
0.9044,59.4600,INIT,STANCE,,-102.200,0.100,-102.200,0.0000,0.0000,-0.0002,0.0000,-0.0002,0.0000,0,
0.9126,59.4700,INIT,STANCE,,-102.200,-0.100,-102.200,0.0000,0.0000,0.0002,0.0000,0.0002,0.0000,1,
0.9246,59.4800,INIT,STANCE,,-102.200,0.000,-102.200,0.0000,0.0000,0.0000,0.0000,0.0000,0.0000,0,
0.9326,59.4900,INIT,STANCE,,-102.200,-0.100,-102.200,0.0000,0.0000,0.0002,0.0000,0.0002,0.0000,1,
0.9447,59.5000,INIT,STANCE,,-102.200,0.400,-102.200,0.0000,0.0000,-0.0006,0.0000,-0.0006,0.0000,0,
0.9527,59.5100,INIT,STANCE,,-102.200,-0.100,-102.200,0.0000,0.0000,0.0002,0.0000,0.0002,0.0000,1,
0.9647,59.5200,INIT,STANCE,,-102.200,0.100,-102.200,0.0000,0.0000,-0.0002,0.0000,-0.0002,0.0000,0,
0.9727,59.5300,INIT,STANCE,,-102.200,-0.100,-102.200,0.0000,0.0000,0.0002,0.0000,0.0002,0.0000,1,
0.9847,59.5400,INIT,STANCE,,-102.200,0.100,-102.200,0.0000,0.0000,-0.0002,0.0000,-0.0002,0.0000,0,
0.9927,59.5500,INIT,STANCE,,-102.200,0.000,-102.200,0.0000,0.0000,0.0000,0.0000,0.0000,0.0000,0,
1.0087,59.5600,INIT,STANCE,,-102.200,0.000,-102.200,0.0000,0.0000,0.0000,0.0000,0.0000,0.0000,0,
1.0166,59.5800,INIT,STANCE,,-102.200,0.000,-102.200,0.0000,0.0000,0.0000,0.0000,0.0000,0.0000,0,
1.0285,59.5900,INIT,STANCE,,-102.200,-0.100,-102.200,0.0000,0.0000,0.0002,0.0000,0.0002,0.0000,1,
1.0367,59.6000,INIT,STANCE,,-102.200,0.100,-102.200,0.0000,0.0000,-0.0002,0.0000,-0.0002,0.0000,0,
1.0485,59.6100,INIT,STANCE,,-102.200,0.000,-102.200,0.0000,0.0000,0.0000,0.0000,0.0000,0.0000,0,
1.0566,59.6200,INIT,STANCE,,-102.200,0.000,-102.200,0.0000,0.0000,0.0000,0.0000,0.0000,0.0000,0,
1.0686,59.6300,INIT,STANCE,,-102.200,0.000,-102.200,0.0000,0.0000,0.0000,0.0000,0.0000,0.0000,0,
1.0767,59.6400,INIT,STANCE,,-102.200,0.000,-102.200,0.0000,0.0000,0.0000,0.0000,0.0000,0.0000,0,
1.0885,59.6500,INIT,STANCE,,-102.200,-0.100,-102.200,0.0000,0.0000,0.0002,0.0000,0.0002,0.0000,1,
1.0964,59.6600,INIT,STANCE,,-102.200,-0.100,-102.200,0.0000,0.0000,0.0002,0.0000,0.0002,0.0000,1,
1.1086,59.6700,INIT,STANCE,,-102.200,0.100,-102.200,0.0000,0.0000,-0.0002,0.0000,-0.0002,0.0000,0,
1.1165,59.6800,INIT,STANCE,,-102.200,0.000,-102.200,0.0000,0.0000,0.0000,0.0000,0.0000,0.0000,0,
1.1286,59.6900,INIT,STANCE,,-102.200,0.000,-102.200,0.0000,0.0000,0.0000,0.0000,0.0000,0.0000,0,
1.1406,59.7000,INIT,STANCE,,-102.200,0.100,-102.200,0.0000,0.0000,-0.0002,0.0000,-0.0002,0.0000,0,
1.1487,59.7100,INIT,STANCE,,-102.200,-0.200,-102.200,0.0000,0.0000,0.0003,0.0000,0.0003,0.0000,1,
1.1606,59.7200,INIT,STANCE,,-102.200,0.000,-102.200,0.0000,0.0000,0.0000,0.0000,0.0000,0.0000,0,
1.1685,59.7300,INIT,STANCE,,-102.200,0.200,-102.200,0.0000,0.0000,-0.0003,0.0000,-0.0003,0.0000,0,
1.1805,59.7400,INIT,STANCE,,-102.200,-0.100,-102.200,0.0000,0.0000,0.0002,0.0000,0.0002,0.0000,1,
1.1886,59.7500,INIT,STANCE,,-102.200,0.000,-102.200,0.0000,0.0000,0.0000,0.0000,0.0000,0.0000,0,
1.2046,59.7600,INIT,STANCE,,-102.200,0.000,-102.200,0.0000,0.0000,0.0000,0.0000,0.0000,0.0000,0,
1.2126,59.7700,INIT,STANCE,,-102.200,0.100,-102.200,0.0000,0.0000,-0.0002,0.0000,-0.0002,0.0000,0,
1.2246,59.7800,INIT,STANCE,,-102.200,-0.100,-102.200,0.0000,0.0000,0.0002,0.0000,0.0002,0.0000,1,
1.2326,59.7900,INIT,STANCE,,-102.200,0.000,-102.200,0.0000,0.0000,0.0000,0.0000,0.0000,0.0000,0,
1.2445,59.8000,INIT,STANCE,,-102.200,-0.400,-102.200,0.0000,0.0000,0.0006,0.0000,0.0006,0.0000,1,
1.2526,59.8100,INIT,STANCE,,-102.200,0.200,-102.200,0.0000,0.0000,-0.0003,0.0000,-0.0003,0.0000,0,
1.2646,59.8200,INIT,STANCE,,-102.200,-0.400,-102.200,0.0000,0.0000,0.0006,0.0000,0.0006,0.0000,1,
1.2726,59.8300,INIT,STANCE,,-102.200,0.000,-102.200,0.0000,0.0000,0.0000,0.0000,0.0000,0.0000,0,
1.2846,59.8400,INIT,STANCE,,-102.200,-0.100,-102.200,0.0000,0.0000,0.0002,0.0000,0.0002,0.0000,1,
1.2926,59.8500,INIT,STANCE,,-102.200,-0.500,-102.200,0.0000,0.0000,0.0008,0.0000,0.0008,0.0000,1,
1.3046,59.8600,INIT,STANCE,,-102.200,-0.200,-102.200,0.0000,0.0000,0.0003,0.0000,0.0003,0.0000,1,
1.3126,59.8700,INIT,STANCE,,-102.200,0.000,-102.200,0.0000,0.0000,0.0000,0.0000,0.0000,0.0000,0,
1.3246,59.8800,INIT,STANCE,,-102.200,-0.400,-102.200,0.0000,0.0000,0.0006,0.0000,0.0006,0.0000,1,
1.3327,59.8900,INIT,STANCE,,-102.200,0.000,-102.200,0.0000,0.0000,0.0000,0.0000,0.0000,0.0000,0,
1.3446,59.9000,INIT,STANCE,,-102.200,-0.300,-102.200,0.0000,0.0000,0.0004,0.0000,0.0004,0.0000,1,
1.3526,59.9100,INIT,STANCE,,-102.200,0.000,-102.200,0.0000,0.0000,0.0000,0.0000,0.0000,0.0000,0,
1.3646,59.9200,INIT,STANCE,,-102.200,0.000,-102.200,0.0000,0.0000,0.0000,0.0000,0.0000,0.0000,0,
1.3725,59.9300,INIT,STANCE,,-102.200,0.000,-102.200,0.0000,0.0000,0.0000,0.0000,0.0000,0.0000,0,
1.3845,59.9400,INIT,STANCE,,-102.200,-0.300,-102.200,0.0000,0.0000,0.0004,0.0000,0.0004,0.0000,1,
1.3925,59.9500,INIT,STANCE,,-102.200,0.000,-102.200,0.0000,0.0000,0.0000,0.0000,0.0000,0.0000,0,
1.4046,59.9600,INIT,STANCE,,-102.200,0.000,-102.200,0.0000,0.0000,0.0000,0.0000,0.0000,0.0000,0,
1.4126,59.9700,INIT,STANCE,,-102.200,0.000,-102.200,0.0000,0.0000,0.0000,0.0000,0.0000,0.0000,0,
1.4246,59.9800,INIT,STANCE,,-102.200,-0.200,-102.200,0.0000,0.0000,0.0003,0.0000,0.0003,0.0000,1,
1.4327,59.9900,INIT,STANCE,,-102.200,0.100,-102.200,0.0000,0.0000,-0.0002,0.0000,-0.0002,0.0000,0,
1.4446,60.0000,INIT,STANCE,,-102.200,0.100,-102.200,0.0000,0.0000,-0.0002,0.0000,-0.0002,0.0000,0,
1.4526,60.0100,INIT,STANCE,,-102.200,0.100,-102.200,0.0000,0.0000,-0.0002,0.0000,-0.0002,0.0000,0,
1.4646,60.0200,INIT,STANCE,,-102.200,-0.100,-102.200,0.0000,0.0000,0.0002,0.0000,0.0002,0.0000,1,
1.4726,60.0300,INIT,STANCE,,-102.200,0.100,-102.200,0.0000,0.0000,-0.0002,0.0000,-0.0002,0.0000,0,
1.4846,60.0400,INIT,STANCE,,-102.200,0.000,-102.200,0.0000,0.0000,0.0000,0.0000,0.0000,0.0000,0,
1.4926,60.0500,INIT,STANCE,,-102.200,-0.100,-102.200,0.0000,0.0000,0.0002,0.0000,0.0002,0.0000,1,
1.5046,60.0600,INIT,STANCE,,-102.200,0.200,-102.200,0.0000,0.0000,-0.0003,0.0000,-0.0003,0.0000,0,
1.5126,60.0700,INIT,STANCE,,-102.200,0.000,-102.200,0.0000,0.0000,0.0000,0.0000,0.0000,0.0000,0,
1.5246,60.0800,INIT,STANCE,,-102.200,0.000,-102.200,0.0000,0.0000,0.0000,0.0000,0.0000,0.0000,0,
1.5326,60.0900,INIT,STANCE,,-102.200,-0.100,-102.200,0.0000,0.0000,0.0002,0.0000,0.0002,0.0000,1,
1.5486,60.1000,INIT,STANCE,,-102.200,0.000,-102.200,0.0000,0.0000,0.0000,0.0000,0.0000,0.0000,0,
1.5565,60.1200,INIT,STANCE,,-102.200,0.100,-102.200,0.0000,0.0000,-0.0002,0.0000,-0.0002,0.0000,0,
1.5685,60.1300,INIT,STANCE,,-102.200,-0.100,-102.200,0.0000,0.0000,0.0002,0.0000,0.0002,0.0000,1,
1.5764,60.1400,INIT,STANCE,,-102.200,0.300,-102.200,0.0000,0.0000,-0.0004,0.0000,-0.0004,0.0000,0,
1.5886,60.1500,INIT,STANCE,,-102.200,-0.300,-102.200,0.0000,0.0000,0.0004,0.0000,0.0004,0.0000,1,
1.5966,60.1600,INIT,STANCE,,-102.200,0.000,-102.200,0.0000,0.0000,0.0000,0.0000,0.0000,0.0000,0,
1.6086,60.1700,INIT,STANCE,,-102.200,0.000,-102.200,0.0000,0.0000,0.0000,0.0000,0.0000,0.0000,0,
1.6167,60.1800,INIT,STANCE,,-102.200,0.000,-102.200,0.0000,0.0000,0.0000,0.0000,0.0000,0.0000,0,
1.6286,60.1900,INIT,STANCE,,-102.200,0.000,-102.200,0.0000,0.0000,0.0000,0.0000,0.0000,0.0000,0,
1.6367,60.2000,INIT,STANCE,,-102.200,0.200,-102.200,0.0000,0.0000,-0.0003,0.0000,-0.0003,0.0000,0,
1.6486,60.2100,INIT,STANCE,,-102.200,-0.100,-102.200,0.0000,0.0000,0.0002,0.0000,0.0002,0.0000,1,
1.6565,60.2200,INIT,STANCE,,-102.200,0.100,-102.200,0.0000,0.0000,-0.0002,0.0000,-0.0002,0.0000,0,
1.6686,60.2300,INIT,STANCE,,-102.200,0.000,-102.200,0.0000,0.0000,0.0000,0.0000,0.0000,0.0000,0,
1.6766,60.2400,INIT,STANCE,,-102.200,0.000,-102.200,0.0000,0.0000,0.0000,0.0000,0.0000,0.0000,0,
1.6886,60.2500,INIT,STANCE,,-102.200,0.000,-102.200,0.0000,0.0000,0.0000,0.0000,0.0000,0.0000,0,
1.6965,60.2600,INIT,STANCE,,-102.200,0.000,-102.200,0.0000,0.0000,0.0000,0.0000,0.0000,0.0000,0,
1.7086,60.2700,INIT,STANCE,,-102.200,0.000,-102.200,0.0000,0.0000,0.0000,0.0000,0.0000,0.0000,0,
1.7166,60.2800,INIT,STANCE,,-102.200,0.100,-102.200,0.0000,0.0000,-0.0002,0.0000,-0.0002,0.0000,0,
1.7286,60.2900,INIT,STANCE,,-102.200,-0.200,-102.200,0.0000,0.0000,0.0003,0.0000,0.0003,0.0000,1,
1.7365,60.3000,INIT,STANCE,,-102.200,0.000,-102.200,0.0000,0.0000,0.0000,0.0000,0.0000,0.0000,0,
1.7486,60.3100,INIT,STANCE,,-102.200,0.200,-102.200,0.0000,0.0000,-0.0003,0.0000,-0.0003,0.0000,0,
1.7566,60.3200,INIT,STANCE,,-102.200,-0.200,-102.200,0.0000,0.0000,0.0003,0.0000,0.0003,0.0000,1,
1.7686,60.3300,INIT,STANCE,,-102.200,0.200,-102.200,0.0000,0.0000,-0.0003,0.0000,-0.0003,0.0000,0,
1.7767,60.3400,INIT,STANCE,,-102.200,-0.200,-102.200,0.0000,0.0000,0.0003,0.0000,0.0003,0.0000,1,
1.7886,60.3500,INIT,STANCE,,-102.200,0.300,-102.200,0.0000,0.0000,-0.0004,0.0000,-0.0004,0.0000,0,
1.7967,60.3600,INIT,STANCE,,-102.200,-0.700,-102.200,0.0000,0.0000,0.0010,0.0000,0.0010,0.0000,1,
1.8087,60.3700,INIT,STANCE,,-102.200,0.400,-102.200,0.0000,0.0000,-0.0006,0.0000,-0.0006,0.0000,0,
1.8167,60.3800,INIT,STANCE,,-102.200,0.000,-102.200,0.0000,0.0000,0.0000,0.0000,0.0000,0.0000,0,
1.8286,60.3900,INIT,STANCE,,-102.200,0.000,-102.200,0.0000,0.0000,0.0000,0.0000,0.0000,0.0000,0,
1.8365,60.4000,INIT,STANCE,,-102.200,0.100,-102.200,0.0000,0.0000,-0.0002,0.0000,-0.0002,0.0000,0,
1.8486,60.4100,INIT,STANCE,,-102.200,-0.100,-102.200,0.0000,0.0000,0.0002,0.0000,0.0002,0.0000,1,
1.8566,60.4200,INIT,STANCE,,-102.200,-0.100,-102.200,0.0000,0.0000,0.0002,0.0000,0.0002,0.0000,1,
1.8686,60.4300,INIT,STANCE,,-102.200,0.000,-102.200,0.0000,0.0000,0.0000,0.0000,0.0000,0.0000,0,
1.8767,60.4400,INIT,STANCE,,-102.200,0.000,-102.200,0.0000,0.0000,0.0000,0.0000,0.0000,0.0000,0,
1.8886,60.4500,INIT,STANCE,,-102.200,0.000,-102.200,0.0000,0.0000,0.0000,0.0000,0.0000,0.0000,0,
1.8964,60.4600,INIT,STANCE,,-102.200,0.100,-102.200,0.0000,0.0000,-0.0002,0.0000,-0.0002,0.0000,0,
1.9086,60.4700,INIT,STANCE,,-102.200,0.000,-102.200,0.0000,0.0000,0.0000,0.0000,0.0000,0.0000,0,
1.9167,60.4800,INIT,STANCE,,-102.200,-0.100,-102.200,0.0000,0.0000,0.0002,0.0000,0.0002,0.0000,1,
1.9286,60.4900,INIT,STANCE,,-102.200,0.200,-102.200,0.0000,0.0000,-0.0003,0.0000,-0.0003,0.0000,0,
1.9365,60.5000,INIT,STANCE,,-102.200,-0.100,-102.200,0.0000,0.0000,0.0002,0.0000,0.0002,0.0000,1,
1.9485,60.5100,INIT,STANCE,,-102.200,0.100,-102.200,0.0000,0.0000,-0.0002,0.0000,-0.0002,0.0000,0,
1.9566,60.5200,INIT,STANCE,,-102.200,0.000,-102.200,0.0000,0.0000,0.0000,0.0000,0.0000,0.0000,0,
1.9686,60.5300,INIT,STANCE,,-102.200,-0.100,-102.200,0.0000,0.0000,0.0002,0.0000,0.0002,0.0000,1,
1.9766,60.5400,INIT,STANCE,,-102.200,0.100,-102.200,0.0000,0.0000,-0.0002,0.0000,-0.0002,0.0000,0,
1.9886,60.5500,INIT,STANCE,,-102.200,-0.200,-102.200,0.0000,0.0000,0.0003,0.0000,0.0003,0.0000,1,
1.9965,60.5600,INIT,STANCE,,-102.200,0.100,-102.200,0.0000,0.0000,-0.0002,0.0000,-0.0002,0.0000,0,
2.0086,60.5700,INIT,STANCE,,-102.200,-0.100,-102.200,0.0000,0.0000,0.0002,0.0000,0.0002,0.0000,1,
2.0165,60.5800,INIT,STANCE,,-102.200,0.100,-102.200,0.0000,0.0000,-0.0002,0.0000,-0.0002,0.0000,0,
2.0286,60.5900,INIT,STANCE,,-102.200,-0.100,-102.200,0.0000,0.0000,0.0002,0.0000,0.0002,0.0000,1,
2.0367,60.6000,INIT,STANCE,,-102.200,0.100,-102.200,0.0000,0.0000,-0.0002,0.0000,-0.0002,0.0000,0,
2.0486,60.6100,INIT,STANCE,,-102.200,0.000,-102.200,0.0000,0.0000,0.0000,0.0000,0.0000,0.0000,0,
2.0565,60.6200,INIT,STANCE,,-102.200,0.100,-102.200,0.0000,0.0000,-0.0002,0.0000,-0.0002,0.0000,0,
2.0686,60.6300,INIT,STANCE,,-102.200,-0.300,-102.200,0.0000,0.0000,0.0004,0.0000,0.0004,0.0000,1,
2.0765,60.6400,INIT,STANCE,,-102.200,0.200,-102.200,0.0000,0.0000,-0.0003,0.0000,-0.0003,0.0000,0,
2.0886,60.6500,INIT,STANCE,,-102.200,0.000,-102.200,0.0000,0.0000,0.0000,0.0000,0.0000,0.0000,0,
2.0967,60.6600,INIT,STANCE,,-102.200,0.000,-102.200,0.0000,0.0000,0.0000,0.0000,0.0000,0.0000,0,
2.1086,60.6700,INIT,STANCE,,-102.200,-0.100,-102.200,0.0000,0.0000,0.0002,0.0000,0.0002,0.0000,1,
2.1166,60.6800,INIT,STANCE,,-102.200,0.000,-102.200,0.0000,0.0000,0.0000,0.0000,0.0000,0.0000,0,
2.1286,60.6900,INIT,STANCE,,-102.200,0.100,-102.200,0.0000,0.0000,-0.0002,0.0000,-0.0002,0.0000,0,
2.1367,60.7000,INIT,STANCE,,-102.200,0.000,-102.200,0.0000,0.0000,0.0000,0.0000,0.0000,0.0000,0,
2.1485,60.7100,INIT,STANCE,,-102.200,-0.100,-102.200,0.0000,0.0000,0.0002,0.0000,0.0002,0.0000,1,
2.1564,60.7200,INIT,STANCE,,-102.200,0.100,-102.200,0.0000,0.0000,-0.0002,0.0000,-0.0002,0.0000,0,
2.1686,60.7300,INIT,STANCE,,-102.200,0.000,-102.200,0.0000,0.0000,0.0000,0.0000,0.0000,0.0000,0,
2.1765,60.7400,INIT,STANCE,,-102.200,0.000,-102.200,0.0000,0.0000,0.0000,0.0000,0.0000,0.0000,0,
2.1886,60.7500,INIT,STANCE,,-102.200,-0.100,-102.200,0.0000,0.0000,0.0002,0.0000,0.0002,0.0000,1,
2.1967,60.7600,INIT,STANCE,,-102.200,-0.100,-102.200,0.0000,0.0000,0.0002,0.0000,0.0002,0.0000,1,
2.2086,60.7700,INIT,STANCE,,-102.200,0.100,-102.200,0.0000,0.0000,-0.0002,0.0000,-0.0002,0.0000,0,
2.2165,60.7800,INIT,STANCE,,-102.200,-0.300,-102.200,0.0000,0.0000,0.0004,0.0000,0.0004,0.0000,1,
2.2286,60.7900,INIT,STANCE,,-102.200,0.000,-102.200,0.0000,0.0000,0.0000,0.0000,0.0000,0.0000,0,
2.2366,60.8000,INIT,STANCE,,-102.200,0.000,-102.200,0.0000,0.0000,0.0000,0.0000,0.0000,0.0000,0,
2.2486,60.8100,INIT,STANCE,,-102.200,0.000,-102.200,0.0000,0.0000,0.0000,0.0000,0.0000,0.0000,0,
2.2564,60.8200,INIT,STANCE,,-102.200,0.000,-102.200,0.0000,0.0000,0.0000,0.0000,0.0000,0.0000,0,
2.2685,60.8300,INIT,STANCE,,-102.200,0.000,-102.200,0.0000,0.0000,0.0000,0.0000,0.0000,0.0000,0,
2.2765,60.8400,INIT,STANCE,,-102.200,0.100,-102.200,0.0000,0.0000,-0.0002,0.0000,-0.0002,0.0000,0,
2.2886,60.8500,INIT,STANCE,,-102.200,0.000,-102.200,0.0000,0.0000,0.0000,0.0000,0.0000,0.0000,0,
2.2966,60.8600,INIT,STANCE,,-102.200,0.000,-102.200,0.0000,0.0000,0.0000,0.0000,0.0000,0.0000,0,
2.3086,60.8700,INIT,STANCE,,-102.200,0.000,-102.200,0.0000,0.0000,0.0000,0.0000,0.0000,0.0000,0,
2.3165,60.8800,INIT,STANCE,,-102.200,0.000,-102.200,0.0000,0.0000,0.0000,0.0000,0.0000,0.0000,0,
2.3286,60.8900,INIT,STANCE,,-102.200,0.300,-102.200,0.0000,0.0000,-0.0004,0.0000,-0.0004,0.0000,0,
2.3366,60.9000,INIT,STANCE,,-102.200,0.000,-102.200,0.0000,0.0000,0.0000,0.0000,0.0000,0.0000,0,
2.3486,60.9100,INIT,STANCE,,-102.200,0.000,-102.200,0.0000,0.0000,0.0000,0.0000,0.0000,0.0000,0,
2.3566,60.9200,INIT,STANCE,,-102.200,0.000,-102.200,0.0000,0.0000,0.0000,0.0000,0.0000,0.0000,0,
2.3685,60.9300,INIT,STANCE,,-102.200,0.100,-102.200,0.0000,0.0000,-0.0002,0.0000,-0.0002,0.0000,0,
2.3806,60.9400,INIT,STANCE,,-102.200,0.000,-102.200,0.0000,0.0000,0.0000,0.0000,0.0000,0.0000,0,
2.3885,60.9500,INIT,STANCE,,-102.200,0.300,-102.200,0.0000,0.0000,-0.0004,0.0000,-0.0004,0.0000,0,
2.4006,60.9600,INIT,STANCE,,-102.200,0.200,-102.200,0.0000,0.0000,-0.0003,0.0000,-0.0003,0.0000,0,
2.4086,60.9700,INIT,STANCE,,-102.200,0.500,-102.200,0.0000,0.0000,-0.0008,0.0000,-0.0008,0.0000,0,
2.4206,60.9800,INIT,STANCE,,-102.200,0.300,-102.200,0.0000,0.0000,-0.0004,0.0000,-0.0004,0.0000,0,
2.4285,60.9900,INIT,STANCE,,-102.200,0.700,-102.200,0.0000,0.0000,-0.0010,0.0000,-0.0010,0.0000,0,
2.4406,61.0000,INIT,STANCE,,-102.200,0.600,-102.200,0.0000,0.0000,-0.0009,0.0000,-0.0009,0.0000,0,
2.4486,61.0100,INIT,STANCE,,-102.200,0.800,-102.200,0.0000,0.0000,-0.0012,0.0000,-0.0012,0.0000,0,
2.4606,61.0200,INIT,STANCE,,-102.200,1.000,-102.200,0.0000,0.0000,-0.0015,0.0000,-0.0015,0.0000,0,
2.4686,61.0300,INIT,STANCE,,-102.100,0.900,-102.100,0.0000,0.0000,-0.0014,0.0000,-0.0014,0.0000,0,
2.4807,61.0400,INIT,STANCE,,-102.100,0.700,-102.100,0.0000,0.0000,-0.0010,0.0000,-0.0010,0.0000,0,
2.4886,61.0500,INIT,STANCE,,-102.100,0.700,-102.100,0.0000,0.0000,-0.0010,0.0000,-0.0010,0.0000,0,
2.5006,61.0600,INIT,STANCE,,-102.100,0.700,-102.100,0.0000,0.0000,-0.0010,0.0000,-0.0010,0.0000,0,
2.5086,61.0700,INIT,STANCE,,-102.100,0.400,-102.100,0.0000,0.0000,-0.0006,0.0000,-0.0006,0.0000,0,
2.5206,61.0800,INIT,STANCE,,-102.100,0.000,-102.100,0.0000,0.0000,0.0000,0.0000,0.0000,0.0000,0,
2.5286,61.0900,INIT,STANCE,,-102.100,0.200,-102.100,0.0000,0.0000,-0.0003,0.0000,-0.0003,0.0000,0,
2.5405,61.1000,INIT,STANCE,,-102.100,0.100,-102.100,0.0000,0.0000,-0.0002,0.0000,-0.0002,0.0000,0,
2.5485,61.1100,INIT,STANCE,,-102.100,0.000,-102.100,0.0000,0.0000,0.0000,0.0000,0.0000,0.0000,0,
2.5606,61.1200,INIT,STANCE,,-102.100,-0.200,-102.100,0.0000,0.0000,0.0003,0.0000,0.0003,0.0000,1,
2.5686,61.1300,INIT,STANCE,,-102.100,0.300,-102.100,0.0000,0.0000,-0.0004,0.0000,-0.0004,0.0000,0,
2.5806,61.1400,INIT,STANCE,,-102.100,0.000,-102.100,0.0000,0.0000,0.0000,0.0000,0.0000,0.0000,0,
2.5885,61.1500,INIT,STANCE,,-102.100,-0.100,-102.100,0.0000,0.0000,0.0002,0.0000,0.0002,0.0000,1,
2.6006,61.1600,INIT,STANCE,,-102.100,0.300,-102.100,0.0000,0.0000,-0.0004,0.0000,-0.0004,0.0000,0,
2.6086,61.1700,INIT,STANCE,,-102.100,0.000,-102.100,0.0000,0.0000,0.0000,0.0000,0.0000,0.0000,0,
2.6206,61.1800,INIT,STANCE,,-102.100,0.000,-102.100,0.0000,0.0000,0.0000,0.0000,0.0000,0.0000,0,
2.6286,61.1900,INIT,STANCE,,-102.100,0.100,-102.100,0.0000,0.0000,-0.0002,0.0000,-0.0002,0.0000,0,
2.6406,61.2000,INIT,STANCE,,-102.100,0.500,-102.100,0.0000,0.0000,-0.0008,0.0000,-0.0008,0.0000,0,
2.6486,61.2100,INIT,STANCE,,-102.100,0.100,-102.100,0.0000,0.0000,-0.0002,0.0000,-0.0002,0.0000,0,
2.6606,61.2200,INIT,STANCE,,-102.100,-0.100,-102.100,0.0000,0.0000,0.0002,0.0000,0.0002,0.0000,1,
2.6686,61.2300,INIT,STANCE,,-102.100,0.800,-102.100,0.0000,0.0000,-0.0012,0.0000,-0.0012,0.0000,0,
2.6806,61.2400,INIT,STANCE,,-102.100,-0.100,-102.100,0.0000,0.0000,0.0002,0.0000,0.0002,0.0000,1,
2.6886,61.2500,INIT,STANCE,,-102.100,0.100,-102.100,0.0000,0.0000,-0.0002,0.0000,-0.0002,0.0000,0,
2.7006,61.2600,INIT,STANCE,,-102.100,0.100,-102.100,0.0000,0.0000,-0.0002,0.0000,-0.0002,0.0000,0,
2.7086,61.2700,INIT,STANCE,,-102.100,-0.800,-102.100,0.0000,0.0000,0.0012,0.0000,0.0012,0.0000,1,
2.7206,61.2800,INIT,STANCE,,-102.100,0.900,-102.100,0.0000,0.0000,-0.0014,0.0000,-0.0014,0.0000,0,
2.7286,61.2900,INIT,STANCE,,-102.100,0.300,-102.100,0.0000,0.0000,-0.0004,0.0000,-0.0004,0.0000,0,
2.7406,61.3000,INIT,STANCE,,-102.100,-0.500,-102.100,0.0000,0.0000,0.0008,0.0000,0.0008,0.0000,1,
2.7486,61.3100,INIT,STANCE,,-102.100,0.100,-102.100,0.0000,0.0000,-0.0002,0.0000,-0.0002,0.0000,0,
2.7606,61.3200,INIT,STANCE,,-102.100,0.000,-102.100,0.0000,0.0000,0.0000,0.0000,0.0000,0.0000,0,
2.7686,61.3300,INIT,STANCE,,-102.100,0.000,-102.100,0.0000,0.0000,0.0000,0.0000,0.0000,0.0000,0,
2.7847,61.3400,INIT,STANCE,,-102.100,0.000,-102.100,0.0000,0.0000,0.0000,0.0000,0.0000,0.0000,0,
2.7926,61.3500,INIT,STANCE,,-102.100,0.000,-102.100,0.0000,0.0000,0.0000,0.0000,0.0000,0.0000,0,
2.8047,61.3600,INIT,STANCE,,-102.100,0.000,-102.100,0.0000,0.0000,0.0000,0.0000,0.0000,0.0000,0,
2.8127,61.3700,INIT,STANCE,,-102.100,0.000,-102.100,0.0000,0.0000,0.0000,0.0000,0.0000,0.0000,0,
2.8287,61.3800,INIT,STANCE,,-102.100,0.000,-102.100,0.0000,0.0000,0.0000,0.0000,0.0000,0.0000,0,
2.8366,61.4000,INIT,STANCE,,-102.100,0.200,-102.100,0.0000,0.0000,-0.0003,0.0000,-0.0003,0.0000,0,
2.8486,61.4100,INIT,STANCE,,-102.100,-0.600,-102.100,0.0000,0.0000,0.0009,0.0000,0.0009,0.0000,1,
2.8566,61.4200,INIT,STANCE,,-102.100,0.100,-102.100,0.0000,0.0000,-0.0002,0.0000,-0.0002,0.0000,0,
2.8686,61.4300,INIT,STANCE,,-102.100,-0.300,-102.100,0.0000,0.0000,0.0004,0.0000,0.0004,0.0000,1,
2.8767,61.4400,INIT,STANCE,,-102.100,-0.200,-102.100,0.0000,0.0000,0.0003,0.0000,0.0003,0.0000,1,
2.8886,61.4500,INIT,STANCE,,-102.100,-0.400,-102.100,0.0000,0.0000,0.0006,0.0000,0.0006,0.0000,1,
2.8966,61.4600,INIT,STANCE,,-102.100,0.000,-102.100,0.0000,0.0000,0.0000,0.0000,0.0000,0.0000,0,
2.9086,61.4700,INIT,STANCE,,-102.100,-0.200,-102.100,0.0000,0.0000,0.0003,0.0000,0.0003,0.0000,1,
2.9166,61.4800,INIT,STANCE,,-102.100,0.000,-102.100,0.0000,0.0000,0.0000,0.0000,0.0000,0.0000,0,
2.9284,61.4900,INIT,STANCE,,-102.100,0.000,-102.100,0.0000,0.0000,0.0000,0.0000,0.0000,0.0000,0,
2.9364,61.5000,INIT,STANCE,,-102.100,0.000,-102.100,0.0000,0.0000,0.0000,0.0000,0.0000,0.0000,0,
2.9445,61.5100,INIT,STANCE,,-102.100,-0.300,-102.100,0.0000,0.0000,0.0004,0.0000,0.0004,0.0000,1,
2.9566,61.5200,INIT,STANCE,,-102.100,-0.300,-102.100,0.0000,0.0000,0.0004,0.0000,0.0004,0.0000,1,
2.9686,61.5300,INIT,STANCE,,-102.100,0.000,-102.100,0.0000,0.0000,0.0000,0.0000,0.0000,0.0000,0,
2.9767,61.5400,INIT,STANCE,,-102.100,-0.100,-102.100,0.0000,0.0000,0.0002,0.0000,0.0002,0.0000,1,
2.9887,61.5500,INIT,STANCE,,-102.100,0.000,-102.100,0.0000,0.0000,0.0000,0.0000,0.0000,0.0000,0,
2.9967,61.5600,INIT,STANCE,,-102.100,-0.200,-102.100,0.0000,0.0000,0.0003,0.0000,0.0003,0.0000,1,
3.0087,61.5700,INIT,STANCE,,-102.100,0.000,-102.100,0.0000,0.0000,0.0000,0.0000,0.0000,0.0000,0,
3.0167,61.5800,INIT,STANCE,,-102.100,-0.500,-102.100,0.0000,0.0000,0.0008,0.0000,0.0008,0.0000,1,
3.0286,61.5900,INIT,STANCE,,-102.100,-0.600,-102.100,0.0000,0.0000,0.0009,0.0000,0.0009,0.0000,1,
3.0367,61.6000,INIT,STANCE,,-102.100,0.000,-102.100,0.0000,0.0000,0.0000,0.0000,0.0000,0.0000,0,
3.0487,61.6100,INIT,STANCE,,-102.100,-0.600,-102.100,0.0000,0.0000,0.0009,0.0000,0.0009,0.0000,1,
